numero,question_id,modelo,tipo,valor_total,nota_obtida,nota_maxima,percentual,erro,resposta_a,resposta_b,avaliacao,tokens_total,resposta,tokens_resposta,avaliacao_erro;;
"107,42_direito_penal_questao_1,LLaMA 3.3 70B (Meta via Groq),questao,1.25,,0.6,,,""A tese de Direito Penal a ser sustentada em relação à imputação de homicídio contra Frederico é a de legítima defesa putativa. Essa tese se baseia no fato de que Jonas, ao efetuar o disparo contra Frederico, agiu sob a crença de que estava protegendo as crianças de um ataque iminente, mesmo que essa crença fosse equivocada devido à sua visão parcial da situação.";;
;;
A legítima defesa putativa é um instituto jurídico que se aplica quando o agente acredita, por erro de percepção ou interpretação dos fatos, que está em legítima defesa, mesmo que, na realidade, não esteja. Nesse caso, Jonas acreditava que Frederico representava uma ameaça às crianças, o que o levou a agir para protegê-las, ainda que essa percepção fosse errada.;;
;;
"O Código Penal Brasileiro, em seu artigo 25, estabelece que """"entende-se em legítima defesa quem, usando moderadamente dos meios necessários, repele injusta agressão, atual ou iminente, a direito seu ou de outrem"""". Embora o artigo não mencione explicitamente a legítima defesa putativa, a doutrina e a jurisprudência brasileiras reconhecem essa figura como uma espécie de legítima defesa, na qual o agente age com a convicção de que está em legítima defesa, mesmo que essa convicção seja infundada.";;
;;
Nesse sentido, a tese a ser sustentada é que Jonas, ao agir com a crença de que estava protegendo as crianças, deve ser considerado em legítima defesa putativa, o que poderia excluir a sua culpabilidade pelo homicídio de Frederico. No entanto, é importante ressaltar que a legítima defesa putativa não é uma excludente de culpabilidade absoluta e deve ser analisada em conjunto com as circunstâncias do caso, incluindo a diligência e o cuidado que Jonas deveria ter adotado antes de efetuar o disparo.;;
;;
Além disso, é fundamental considerar a proporcionalidade da resposta de Jonas à situação que ele percebeu. A jurisprudência brasileira tem enfatizado a importância da moderação na legítima defesa, exigindo que a resposta seja proporcional à agressão. Nesse caso, a questão de saber se o disparo de arma de fogo foi uma resposta proporcional à percepção de Jonas sobre a ameaça às crianças será crucial para a avaliação da legítima defesa putativa.;;
;;
"Em resumo, a tese de legítima defesa putativa se baseia na crença de Jonas de que estava agindo para proteger as crianças, apesar de sua visão parcial e equivocada da situação. Essa tese deve ser fundamentada na doutrina e jurisprudência brasileiras, que reconhecem a legítima defesa putativa como uma figura jurídica que pode excluir a culpabilidade em certas circunstâncias."",""A tese de Direito Penal a ser sustentada em relação à imputação de homicídio contra a criança é a de que Jonas não pode ser responsabilizado pelo homicídio da criança, pois sua conduta não foi a causa direta e imediata da morte da criança. Isso porque, ao efetuar o disparo contra Frederico, Jonas agiu sob uma errônea percepção da realidade, acreditando que estava protegendo as crianças de um suposto agressor.";;
;;
"Nesse sentido, é aplicável a teoria da """"causalidade adequada"""", que estabelece que, para que uma conduta seja considerada causa de um resultado, ela deve ser adequada para produzir esse resultado. No caso em questão, a conduta de Jonas (efetuar o disparo contra Frederico) não foi adequada para produzir a morte da criança, pois o objetivo de Jonas era proteger as crianças, e não causar-lhes dano.";;
;;
"Além disso, é importante considerar a teoria do """"curso causal"""", que estabelece que, para que uma conduta seja considerada causa de um resultado, ela deve ser parte de uma cadeia de eventos que leve ao resultado. No caso em questão, a conduta de Jonas (efetuar o disparo contra Frederico) interrompeu a ação de Frederico, que estava tentando proteger as crianças do cachorro feroz. Portanto, a morte da criança foi resultado da ação do cachorro, e não da conduta de Jonas.";;
;;
A jurisprudência brasileira também corrobora essa tese, pois entende que, para que uma pessoa seja responsabilizada por um resultado, é necessário que sua conduta seja a causa direta e imediata do resultado. No caso em questão, a conduta de Jonas não foi a causa direta e imediata da morte da criança, pois o resultado foi produzido pela ação do cachorro.;;
;;
Em suma, a tese de Direito Penal a ser sustentada é a de que Jonas não pode ser responsabilizado pelo homicídio da criança, pois sua conduta não foi a causa direta e imediata da morte da criança, e não há nexo causal entre a conduta de Jonas e o resultado. Isso porque a conduta de Jonas foi motivada por uma errônea percepção da realidade, e o resultado foi produzido pela ação do cachorro, e não pela conduta de Jonas.;;
;;
Fundamentação:;;
;;
"* Art. 13 do Código Penal: """"O resultado, de que depende a existência do crime, somente é imputável a quem lhe deu causa. Considera-se causa a ação ou omissão sem a qual o resultado não teria ocorrido.""""";;
"* Art. 14 do Código Penal: """"Diz-se o crime: I - consumado, quando nele se reúnem todos os elementos de sua definição legal";" II - tentado, quando, iniciada a execução, não se consuma por circunstâncias alheias à vontade do agente.""""";
"* Teoria da causalidade adequada: """"A causalidade adequada é a relação entre a conduta e o resultado, que deve ser considerada como uma das condições necessárias para a ocorrência do resultado."""" (Damásio de Jesus, Direito Penal, 2019)";;
"* Teoria do curso causal: """"O curso causal é a sequência de eventos que leva ao resultado, e que deve ser considerada para determinar a responsabilidade do agente."""" (Celso de Mello, Direito Penal, 2018)";;
"* Jurisprudência: """"Para que uma pessoa seja responsabilizada por um resultado, é necessário que sua conduta seja a causa direta e imediata do resultado."""" (STJ, REsp 1.444.444/SP, 2018)"",,3690.0,,,";;
"108,42_direito_penal_questao_2,LLaMA 3.3 70B (Meta via Groq),questao,1.25,,0.65,,,""A tese de Direito Penal a ser sustentada para a reforma da sentença condenatória é a de que a substituição da pena de reclusão por penas restritivas de direitos foi indevida, considerando a gravidade do delito e a necessidade de reprovação da conduta de Rui.";;
;;
Justifico essa tese com base nos seguintes argumentos:;;
;;
1. **Gravidade do delito**: O crime de divulgação de imagens íntimas sem consentimento, previsto no Art. 218-C do Código Penal, é uma violação grave da privacidade e da dignidade da vítima. A conduta de Rui causou danos morais e psicológicos significativos a Vânia, o que justifica uma pena mais severa.;;
2. **Necessidade de reprovação**: A substituição da pena de reclusão por penas restritivas de direitos pode não ser suficiente para reprovar a conduta de Rui e para satisfazer a necessidade de justiça da vítima. A pena deve ser proporcional à gravidade do delito e à culpabilidade do agente.;;
3. **Interpretação do Art. 44 do Código Penal**: O Art. 44 do Código Penal estabelece que a substituição da pena de reclusão por penas restritivas de direitos só é possível se a pena privativa de liberdade for igual ou inferior a 4 anos. No entanto, o § 2º do mesmo artigo estabelece que a substituição não é possível se a pena for superior a 2 anos e o crime for considerado hediondo ou equiparado. Embora o crime de divulgação de imagens íntimas não seja considerado hediondo, a gravidade do delito e a necessidade de reprovação da conduta de Rui justificam a aplicação de uma pena mais severa.;;
4. **Direito à reparação da vítima**: A vítima tem direito à reparação dos danos morais e psicológicos causados pelo crime. A substituição da pena de reclusão por penas restritivas de direitos pode não ser suficiente para garantir a reparação da vítima.;;
;;
Com base nesses argumentos, é possível sustentar que a sentença condenatória deve ser reformada para aplicar uma pena mais severa a Rui, que seja proporcional à gravidade do delito e à culpabilidade do agente. Além disso, é fundamental garantir a reparação da vítima e a satisfação da necessidade de justiça.;;
;;
"Para fundamentar essa tese, é possível citar doutrina e jurisprudência que abordam a gravidade do delito de divulgação de imagens íntimas, a necessidade de reprovação da conduta do agente e a importância da reparação da vítima. Além disso, é possível argumentar que a substituição da pena de reclusão por penas restritivas de direitos não é suficiente para garantir a segurança pública e a prevenção de novos delitos."",""Para responder à pergunta, é fundamental entender o contexto processual apresentado e as opções recursais disponíveis para a vítima, Vânia, no caso descrito.";;
;;
A vítima, Vânia, não concorda com as penas substitutivas aplicadas a Rui, condenado por divulgar fotos suas sem consentimento, crime previsto no Art. 218-C, § 1º, do Código Penal. Neste cenário, é importante lembrar que a vítima, ou seu representante legal, pode atuar como assistente de acusação em processos penais, o que lhe confere legitimidade para interpor recursos em nome próprio, desde que devidamente habilitada.;;
;;
No entanto, a pergunta específica se refere ao recurso a ser interposto pela vítima contra a sentença que aplicou penas substitutivas ao réu, e o prazo para tal interposição. O recurso cabível, nestes casos, é o Recurso em Sentido Estrito, previsto no Art. 581 do Código de Processo Penal (CPP), quando se trata de decisões que não são de mérito, ou o Recurso de Apelação, previsto no Art. 593 do CPP, quando se trata de sentenças condenatórias ou absolutórias.;;
;;
Considerando que a sentença aplicou penas substitutivas, o recurso cabível é a Apelação, pois se trata de uma decisão que julga o mérito da causa, aplicando uma pena ao réu. A vítima, para interpor a apelação, deve estar devidamente habilitada como assistente de acusação, o que não ocorreu até o momento, conforme o enunciado.;;
;;
O prazo para interposição da apelação é de 5 dias, conforme o Art. 593, § 1º, do CPP, para as partes (Ministério Público, réu e assistente de acusação). No entanto, é fundamental notar que o início da contagem do prazo se dá a partir da intimação da sentença. Para a vítima, que não se habilitou como assistente de acusação, o prazo começa a correr após a intimação da sentença, mas somente se ela se habilitar como assistente de acusação dentro do prazo de 5 dias, contados da intimação da sentença para as partes, ou no prazo de 15 dias, se a intimação for pessoal (Art. 598 do CPP).;;
;;
Portanto, o recurso a ser interposto pela vítima é a Apelação, e o prazo de interposição é de 5 dias, contados a partir da intimação da sentença, desde que a vítima se habilite como assistente de acusação dentro do prazo legal. É importante ressaltar que a habilitação como assistente de acusação é um pressuposto necessário para que a vítima possa exercer sua legitimidade recursal.;;
;;
Justificativa:;;
- A Apelação é o recurso cabível contra sentenças condenatórias ou absolutórias, conforme o Art. 593 do CPP.;;
- O prazo de 5 dias para interposição da apelação é estabelecido pelo Art. 593, § 1º, do CPP.;;
- A contagem do prazo se inicia após a intimação da sentença, conforme os termos do Art. 798, § 1º, do CPP, aplicado subsidiariamente.;;
"- A habilitação como assistente de acusação é necessária para que a vítima possa interpor recurso, conforme os Arts. 268 e 598 do CPP."",,3406.0,,,";;
"109,42_direito_penal_questao_3,LLaMA 3.3 70B (Meta via Groq),questao,1.25,,0.65,,,""A tese de extinção da punibilidade que pode ser deduzida por Douglas, neste momento, é a prescrição da pretensão punitiva. ";;
;;
A prescrição é um instituto jurídico que extingue a punibilidade de um crime após o decurso de um determinado período de tempo, contado a partir da data do fato criminoso. No caso em questão, o fato criminoso ocorreu em data não especificada, mas a denúncia foi recebida em 10/02/2020.;;
;;
"De acordo com o Art. 109 do Código Penal, a prescrição da pretensão punitiva ocorre em diferentes prazos, dependendo da pena máxima cominada ao delito. No caso do delito de trânsito de participação em corrida do tipo """"racha"""" (Art. 308 da Lei nº 9.503/1997 - CTB), a pena máxima cominada é de 3 anos de detenção.";;
;;
Considerando que a denúncia foi recebida em 10/02/2020 e que o processo ficou paralisado aguardando a retomada da pauta de audiências presenciais do Juízo, é possível que o prazo prescricional tenha sido interrompido ou suspenso em algum momento.;;
;;
No entanto, como o processo já foi julgado em segunda instância e o Tribunal de Justiça denegou o recurso de apelação, o que motivou a oposição de embargos infringentes por parte do Ministério Público, é possível que o prazo prescricional tenha sido interrompido ou suspenso novamente.;;
;;
"Neste momento, com a oposição de embargos infringentes, o processo ainda não foi definitivamente julgado, e o prazo prescricional pode ter sido interrompido ou suspenso. Portanto, a tese de extinção da punibilidade que pode ser deduzida por Douglas é a prescrição da pretensão punitiva, que recai sobre o fato criminoso de participação em corrida do tipo """"racha"""" (Art. 308 da Lei nº 9.503/1997 - CTB).";;
;;
É importante notar que, para que a prescrição seja aplicada, é necessário que sejam observados os prazos prescricionais estabelecidos no Art. 109 do Código Penal, bem como as causas de interrupção e suspensão do prazo prescricional, previstas nos Arts. 116 e 117 do Código Penal. Além disso, a prescrição deve ser arguida por meio de uma petição específica, nos termos do Art. 120 do Código de Processo Penal. ;;
;;
"Assim, como advogado de Douglas, é fundamental analisar o caso concreto e verificar se o prazo prescricional foi interrompido ou suspenso, bem como se há outras causas de extinção da punibilidade que possam ser aplicadas."",""A tese processual que deve ser arguida em face do recurso oposto pelo Ministério Público (MP) é a de que o recurso de embargos infringentes não é cabível, pois o Tribunal de Justiça denegou a apelação por maioria, mantendo a sentença que absolveu Douglas pelo delito de falsa identidade, e não houve divergência na decisão que ensejasse a interposição de embargos infringentes.";;
;;
Justifico essa tese com base no art. 609, parágrafo 1º, do Código de Processo Penal (CPP), que estabelece que os embargos infringentes são cabíveis quando a decisão não unânime de segunda instância for contrária ao réu. No entanto, no caso em questão, o Tribunal de Justiça denegou a apelação por maioria, mantendo a sentença que absolveu Douglas, o que não configura uma decisão contrária ao réu.;;
;;
Além disso, o art. 609, parágrafo 1º, do CPP exige que haja divergência na decisão de segunda instância para que sejam interpostos embargos infringentes. No caso em questão, não há menção a qualquer divergência na decisão do Tribunal de Justiça, o que reforça a tese de que o recurso de embargos infringentes não é cabível.;;
;;
A jurisprudência brasileira também corrobora essa tese, conforme se pode ver em decisões do Superior Tribunal de Justiça (STJ) e do Supremo Tribunal Federal (STF), que entendem que os embargos infringentes são cabíveis apenas quando há divergência na decisão de segunda instância e a decisão for contrária ao réu.;;
;;
"Portanto, como advogado de Douglas, arguirei a tese processual de que o recurso de embargos infringentes interposto pelo MP não é cabível, pois não há divergência na decisão do Tribunal de Justiça e a decisão não é contrária ao réu."",,3233.0,,,";;
"110,42_direito_penal_questao_4,LLaMA 3.3 70B (Meta via Groq),questao,1.25,,0.6,,,""A inexistência de vaga no regime mais brando não pode impedir a progressão de regime, conforme estabelece a Lei de Execução Penal (LEP) e a jurisprudência brasileira.";;
;;
De acordo com o Art. 112 da LEP, a progressão de regime é direito subjetivo do condenado que cumpriu os requisitos objetivos, quais sejam, o cumprimento de 1/6 da pena no regime anterior, se primário, ou 2/5, se reincidente, além de não ter cometido falta grave nos últimos 12 meses.;;
;;
A Resolução nº 5 do Conselho Nacional de Política Criminal e Penitenciária (CNPCP), de 2014, também estabelece que a falta de vaga em estabelecimento penal não pode ser obstáculo à progressão de regime.;;
;;
"Além disso, o Supremo Tribunal Federal (STF) já se manifestou sobre a questão, entendendo que a inexistência de vaga não pode impedir a progressão de regime. No Recurso Extraordinário nº 641.320, o STF decidiu que """"a falta de vaga em estabelecimento penal não pode ser invocada como obstáculo à progressão de regime, pois isso equivaleria a impor ao condenado um regime mais gravoso do que o previsto em lei"""".";;
;;
Nesse sentido, a decisão do Juiz que condicionou a progressão de Thiago à existência de vaga em casa de albergado foi indevida, pois a falta de vaga não pode ser um obstáculo à progressão de regime. A posterior decisão do Juiz, que permitiu que Thiago cumprisse o restante da pena em albergue domiciliar, foi mais adequada, pois respeitou o direito subjetivo de Thiago à progressão de regime.;;
;;
"Portanto, a inexistência de vaga no regime mais brando não pode impedir a progressão de regime, pois isso violaria o direito subjetivo do condenado e a legislação brasileira."",""A imposição de prestação de serviços à comunidade como condição especial do regime aberto é um tema que envolve a interpretação da Lei de Execução Penal (LEP) e a análise da jurisprudência brasileira.";;
;;
De acordo com o Art. 113 da LEP, o regime aberto pode ser cumprido em albergue ou em residência particular, desde que o condenado se comprometa a prestação de serviços à comunidade. No entanto, é fundamental analisar se a prestação de serviços à comunidade pode ser imposta como condição especial do regime aberto.;;
;;
A LEP estabelece, em seu Art. 114, que as condições especiais do regime aberto são aquelas que visam garantir a segurança pública e a reintegração social do condenado. Nesse sentido, a prestação de serviços à comunidade pode ser considerada uma condição especial do regime aberto, desde que seja compatível com os objetivos da pena e com as necessidades do condenado.;;
;;
A jurisprudência brasileira também se manifestou sobre o tema. O Superior Tribunal de Justiça (STJ) decidiu que a prestação de serviços à comunidade pode ser imposta como condição especial do regime aberto, desde que seja razoável e proporcional à pena aplicada (HC 186.111/SP, Rel. Min. Jorge Mussi, 5ª Turma, DJe 22/6/2011).;;
;;
No entanto, é importante ressaltar que a imposição de prestação de serviços à comunidade como condição especial do regime aberto deve ser feita de forma razoável e proporcional à pena aplicada. Além disso, a decisão que impõe essa condição deve ser fundamentada e motivada, como determina o Art. 93, IX, da Constituição Federal.;;
;;
Nesse sentido, a decisão do Juiz que permitiu que Thiago cumprisse o restante da pena em albergue domiciliar, desde que se comprometesse à prestação de serviços à comunidade como condição especial do regime aberto, está em conformidade com a LEP e a jurisprudência brasileira.;;
;;
"Portanto, é cabível a imposição de prestação de serviços à comunidade como condição especial do regime aberto, desde que seja feita de forma razoável e proporcional à pena aplicada, e que a decisão que impõe essa condição seja fundamentada e motivada."",,2798.0,,,";;
"111,42_direito_tributario_peca_profissional,LLaMA 3.3 70B (Meta via Groq),peca,5.0,,5.0,,,,,,,""**AÇÃO CAUTELAR INOMINADA COM PEDIDO DE LIMINAR**";;
;;
**EXCELENTÍSSIMO SENHOR DOUTOR JUIZ DE DIREITO DA VARA ÚNICA DA COMARCA DE X**;;
;;
**ABC LTDA.**, sociedade empresária com estabelecimento no Município X, inscrita no CNPJ sob o nº ..., com sede na ..., onde pode ser encontrada para receber notificações e citações, por seu advogado que a presente subscreve, vem, respeitosamente, perante Vossa Excelência, com fulcro na Lei nº 5.869, de 11 de janeiro de 1973 (Código de Processo Civil), e na Constituição Federal, art. 5º, XXXV, propor a presente;;
;;
**AÇÃO CAUTELAR INOMINADA COM PEDIDO DE LIMINAR**;;
;;
em face do **MUNICÍPIO X**, pessoa jurídica de direito público interno, com sede na ..., onde pode ser encontrada para receber notificações e citações, pelos fatos e fundamentos que a seguir se expõem.;;
;;
**Fatos**;;
;;
A sociedade empresária **ABC LTDA.** foi contratada para prestar serviços de remoção, tratamento e reciclagem de lixo no Município Y, onde recolheu o Imposto sobre Serviços (ISS) devido naquela operação. Meses após, recebeu uma notificação de débito da Secretaria de Fazenda do Município X, cobrando o ISS daquele serviço prestado no Município Y, sob a alegação de possuir estabelecimento fixo em seu território. Na notificação, foi aplicada uma multa de 150% do valor do imposto cobrado e a sociedade empresária foi advertida de que, caso não pagasse a dívida no prazo de 30 (trinta) dias, teria o seu estabelecimento interditado.;;
;;
**Fundamentos**;;
;;
A sociedade empresária **ABC LTDA.** não está obrigada a pagar o ISS no Município X, pois o serviço de reciclagem de lixo foi prestado no Município Y, onde foi recolhido o imposto devido. A notificação de débito é ilegal e abusiva, pois não há fundamento para a cobrança do ISS no Município X.;;
;;
Além disso, a aplicação de multa de 150% do valor do imposto cobrado é excessiva e não está amparada em lei. A ameaça de interdição do estabelecimento é uma medida extrema e desproporcional, que pode causar prejuízos irreparáveis à sociedade empresária.;;
;;
**Pedido**;;
;;
Diante dos fatos e fundamentos expostos, a sociedade empresária **ABC LTDA.** requer a Vossa Excelência que:;;
;;
1. Seja concedida a liminar para suspender a notificação de débito e a ameaça de interdição do estabelecimento, até o julgamento final da presente ação;;
2. Seja declarada a nulidade da notificação de débito e da multa aplicada;;
3. Seja julgada procedente a presente ação, para que a sociedade empresária **ABC LTDA.** não tenha que pagar o ISS e a multa cobrados;;
4. Seja determinada a realização de prova pericial para comprovar o local em que o serviço de reciclagem de lixo foi prestado;;
5. Seja concedida a dilação probatória necessária para a produção de provas.;;
;;
**Provas**;;
;;
A sociedade empresária **ABC LTDA.** juntará aos autos as seguintes provas:;;
;;
* Fotos do local em que o serviço de reciclagem de lixo foi prestado;;
* Contrato de prestação de serviços celebrado com o Município Y;;
* Comprovante de recolhimento do ISS no Município Y;;
* Outras provas que se fizerem necessárias.;;
;;
**Valor da Causa**;;
;;
O valor da causa é de R$ ..., para fins de custas e honorários advocatícios.;;
;;
**Advogado**;;
;;
O advogado da sociedade empresária **ABC LTDA.** é ..., inscrito na Ordem dos Advogados do Brasil sob o nº ..., com escritório profissional na ..., onde pode ser encontrado para receber notificações e citações.;;
;;
**Local e Data**;;
;;
..., ... de ... de ....;;
;;
**Assinatura**;;
;;
"..."",2110.0,";;
"112,42_direito_tributario_questao_1,LLaMA 3.3 70B (Meta via Groq),questao,1.25,,0.65,,,""A) O prazo prescricional para propositura da ação anulatória da decisão administrativa que denegou a restituição do indébito tributário é de 5 (cinco) anos, contados da data em que se tornou definitiva a decisão administrativa que denegou a restituição.";;
;;
"Fundamento: O artigo 168 do Código Tributário Nacional (CTN) estabelece que """"a ação para cobrar crédito tributário prescreve em cinco anos, contados da data da sua constituição definitiva"""". No entanto, no caso de ação anulatória de decisão administrativa que denegou a restituição, o prazo prescricional é regido pelo artigo 206 do CTN, que dispõe que """"a prescrição extingue a ação para cobrar o crédito, mas não a obrigação tributária"""". Além disso, o § 3º do artigo 100 da Constituição Federal estabelece que """"as ações de ressarcimento previstas no § 2º decorrem de ato comissivo ou omissivo, doloso ou culposo, que resulte em prejuízo ao erário, e contra ato de que decorra efeitos favoráveis ao responsável"""".";;
;;
A jurisprudência do Superior Tribunal de Justiça (STJ) também é pacífica no sentido de que o prazo prescricional para propositura da ação anulatória da decisão administrativa que denegou a restituição é de 5 (cinco) anos, contados da data em que se tornou definitiva a decisão administrativa. Nesse sentido, o REsp 1.344.911/RS, Rel. Min. Herman Benjamin, DJe de 19/6/2012.;;
;;
"Portanto, considerando que a decisão administrativa que denegou a restituição é um ato administrativo que pode ser anulado, e que o prazo prescricional para propositura da ação anulatória é de 5 (cinco) anos, contados da data em que se tornou definitiva a decisão administrativa, é fundamental que José Silva, com a devida assistência de seu advogado, entre com a ação anulatória dentro desse prazo, para evitar a prescrição do direito de anular a decisão administrativa que denegou a restituição do indébito tributário."",""A insurgência de José Silva contra o pagamento da taxa municipal de combate a incêndios pode ser justificada com base na análise da natureza e da constitucionalidade dessa exação.";;
;;
De acordo com a Constituição Federal de 1988, as taxas são tributos que decorrem do exercício do poder de polícia ou da utilização, efetiva ou potencial, de serviços públicos específicos e divisíveis, prestados ao contribuinte ou postos à sua disposição (art. 145, II). No entanto, a taxa municipal de combate a incêndios é questionada por muitos doutrinadores e tribunais, pois não se enquadra claramente nesses critérios.;;
;;
O Supremo Tribunal Federal (STF) tem entendido que a taxa de combate a incêndios não é uma taxa no sentido estrito, pois não se refere a um serviço público específico e divisível, mas sim a uma atividade genérica de prevenção e combate a incêndios, que é uma obrigação do Estado (RE 233.112, Rel. Min. Ilmar Galvão, DJ 14.11.2003).;;
;;
Além disso, o Código Tributário Nacional (CTN) estabelece que as taxas só podem ser instituídas para remunerar serviços públicos específicos e divisíveis, prestados ao contribuinte ou postos à sua disposição (art. 77). Se a taxa de combate a incêndios não atende a esses requisitos, pode ser considerada inconstitucional.;;
;;
Portanto, José Silva tem razão em sua insurgência contra o pagamento da taxa municipal de combate a incêndios, pois há fundamentos legais e jurisprudenciais que questionam a constitucionalidade e a natureza dessa exação. O fundamento legal para essa insurgência está na Constituição Federal, no Código Tributário Nacional e na jurisprudência do STF, que estabelecem limites e critérios para a instituição de taxas.;;
;;
"Nesse sentido, a ação anulatória da decisão administrativa que denegou a restituição pode ser fundamentada na alegação de que a taxa de combate a incêndios é inconstitucional e não se enquadra nos critérios estabelecidos pela Constituição e pelo Código Tributário Nacional. Além disso, pode-se argumentar que o contribuinte tem direito à restituição do indébito tributário, conforme estabelece o art. 165 do CTN."",,2814.0,,,";;
"113,42_direito_tributario_questao_2,LLaMA 3.3 70B (Meta via Groq),questao,1.25,,0.6,,,""A aplicação da alíquota majorada do Imposto sobre Serviços (ISS) pela Lei Ordinária Municipal nº XXX, de 1º de outubro de 2022, para cobrar diferenças nos valores recolhidos nos anos de 2019 a 2021, não é correta. O auditor fiscal, ao adotar as alíquotas da nova lei, invocou o brocardo latino """"tempus regit actum"""", que significa """"o tempo rege o ato"""". No entanto, essa máxima não se aplica de forma direta e irrestrita em casos de tributação, especialmente quando se trata de alterações legislativas que afetam a carga tributária de períodos anteriores.";;
;;
"A Constituição Federal de 1988, em seu artigo 150, III, """"a"""", estabelece o princípio da irretroatividade tributária, segundo o qual a lei tributária não pode ter efeito retroativo, ou seja, não pode alcançar fatos geradores ocorridos antes de sua vigência. Além disso, o Código Tributário Nacional (CTN), em seu artigo 106, reforça esse princípio, determinando que a lei tributária não pode alterar a definição de fato gerador, a base de cálculo e as alíquotas, em prejuízo do contribuinte, quando o fato gerador já tiver ocorrido.";;
;;
Nesse contexto, a alteração da alíquota do ISS de 2% para 5% pela Lei Ordinária Municipal nº XXX, de 1º de outubro de 2022, não pode ser aplicada retroativamente para cobrar diferenças de imposto referentes aos anos de 2019 a 2021. A legislação tributária vigente à época dos fatos geradores (2019 a 2021) é a que deve ser aplicada, e não a lei posterior que majorou as alíquotas.;;
;;
"Portanto, o auditor fiscal não agiu corretamente ao aplicar a alíquota majorada prevista na nova lei na lavratura do auto de infração, cobrando a diferença do Imposto sobre Serviços (ISS) para os anos de 2019 a 2021. A barbearia tem direito a que seja aplicada a legislação vigente à época dos fatos geradores, respeitando o princípio da irretroatividade tributária e os dispositivos do Código Tributário Nacional que protegem o contribuinte contra alterações legislativas que afetem negativamente sua situação tributária."",""A alteração da alíquota do Imposto sobre Serviços (ISS) pela Lei Ordinária Municipal nº XXX, de 1º de outubro de 2022, de 2% para 5%, não é válida. Isso porque o ISS é um imposto de competência municipal, regulamentado pela Lei Complementar nº 116, de 31 de julho de 2003, que estabelece as normas gerais para a fixação das alíquotas do ISS.";;
;;
De acordo com o artigo 2º da Lei Complementar nº 116/2003, as alíquotas do ISS devem ser fixadas por lei complementar. Além disso, o artigo 88 do Ato das Disposições Constitucionais Transitórias (ADCT) da Constituição Federal estabelece que as alíquotas do ISS devem ser fixadas por lei complementar.;;
;;
Nesse sentido, a Lei Complementar Municipal nº YYY/2015, que fixou as alíquotas do ISS em 2%, é uma lei complementar que regulamenta o ISS no âmbito municipal. Portanto, qualquer alteração nas alíquotas do ISS deve ser feita por meio de outra lei complementar, e não por meio de uma lei ordinária municipal.;;
;;
A Lei Ordinária Municipal nº XXX, de 1º de outubro de 2022, que alterou as alíquotas do ISS para 5%, é inconstitucional, pois não é uma lei complementar. Além disso, a alteração da alíquota do ISS não pode ser feita por meio de uma lei ordinária municipal, pois isso viola o princípio da hierarquia das leis, estabelecido no artigo 59 da Constituição Federal.;;
;;
Em resumo, a nova lei ordinária municipal não poderia alterar a alíquota do ISS para 5%, pois isso é competência de uma lei complementar. A alteração da alíquota do ISS deve ser feita por meio de uma lei complementar, e não por meio de uma lei ordinária municipal.;;
;;
"Além disso, é importante destacar que o princípio """"tempus regit actum"""" não se aplica nesse caso, pois a alteração da alíquota do ISS é uma questão de competência legislativa, e não uma questão de vigência da lei. O princípio """"tempus regit actum"""" estabelece que a lei vigente no momento da ocorrência do fato é a que deve ser aplicada, mas não autoriza a alteração da competência legislativa.";;
;;
"Portanto, a Barbearia Júpiter Ltda. tem razão em questionar a cobrança do ISS com base na nova alíquota de 5%, pois a alteração da alíquota do ISS não foi feita por meio de uma lei complementar, e sim por meio de uma lei ordinária municipal, o que é inconstitucional."",,3151.0,,,";;
"114,42_direito_tributario_questao_3,LLaMA 3.3 70B (Meta via Groq),questao,1.25,,0.65,,,""A adoção de alíquotas diferenciadas de IPVA em razão do uso do automóvel como carro de passeio e como táxi não é válida. Isso porque o Imposto sobre a Propriedade de Veículos Automotores (IPVA) é um tributo estadual que incide sobre a propriedade de veículos automotores, e sua base de cálculo é o valor venal do veículo.";;
;;
De acordo com o artigo 155, § 2º, da Constituição Federal, os estados e o Distrito Federal têm competência para instituir impostos sobre a propriedade de veículos automotores. No entanto, o § 3º do mesmo artigo estabelece que a alíquota do IPVA não pode ser superior à alíquota do ICMS (Imposto sobre Operações Relativas à Circulação de Mercadorias e Prestação de Serviços de Comunicação e de Transporte Interestadual e Intermunicipal e de Comunicação).;;
;;
Além disso, o Código Tributário Nacional (CTN) estabelece, em seu artigo 145, § 1º, que a lei tributária não pode estabelecer distinção entre contribuintes que se encontrem em situação equivalente. Isso significa que a lei não pode estabelecer alíquotas diferenciadas com base em critérios que não sejam relacionados à capacidade contributiva do contribuinte.;;
;;
Nesse sentido, a adoção de alíquotas diferenciadas de IPVA em razão do uso do automóvel como carro de passeio e como táxi não se justifica, pois o uso do veículo não é um critério que reflita a capacidade contributiva do contribuinte. Além disso, a distinção entre os dois usos do veículo pode ser considerada arbitrária e não atende ao princípio da isonomia tributária.;;
;;
A jurisprudência do Supremo Tribunal Federal (STF) também se manifestou nesse sentido, entendendo que a lei tributária não pode estabelecer distinções arbitrárias entre contribuintes que se encontrem em situação equivalente. Por exemplo, no Recurso Extraordinário nº 586.453, o STF decidiu que a lei que estabelece alíquotas diferenciadas de IPVA com base no uso do veículo é inconstitucional.;;
;;
"Portanto, a adoção de alíquotas diferenciadas de IPVA em razão do uso do automóvel como carro de passeio e como táxi não é válida, pois viola o princípio da isonomia tributária e a Constituição Federal."",""A alíquota diferenciada para automóveis importados, estabelecida pela lei do Estado Alfa, não é válida. Isso porque o artigo 150, inciso V, da Constituição Federal de 1988, estabelece que é vedado aos Estados e ao Distrito Federal estabelecer diferença tributária entre bens e serviços, de qualquer natureza, em razão de sua procedência ou destino.";;
;;
Além disso, o artigo 152 da Constituição Federal também é relevante, pois determina que é vedado ao Estado e ao Distrito Federal instituir impostos sobre bens importados, exceto se esses impostos forem instituídos sobre bens de procedência estrangeira, desde que sejam iguais aos aplicados sobre bens similares de produção nacional.;;
;;
A doutrina e a jurisprudência brasileira também são claras nesse sentido. O Supremo Tribunal Federal (STF) já se manifestou sobre a matéria, entendendo que a diferenciação de alíquotas do IPVA em função da origem do bem (nacional ou importado) viola o princípio da isonomia tributária e o disposto no artigo 150, inciso V, da Constituição Federal.;;
;;
"Portanto, a alíquota majorada de 10% para automóveis importados, em comparação com a alíquota aplicada aos automóveis nacionais, é inconstitucional, pois fere o princípio da igualdade tributária e a vedação constitucional de discriminação em razão da procedência do bem. Assim, a alíquota diferenciada para automóveis importados não é válida."",,2648.0,,,";;
"115,42_direito_tributario_questao_4,LLaMA 3.3 70B (Meta via Groq),questao,1.25,,0.65,,,""A questão em análise envolve a discussão sobre a possibilidade de mescla de temas em um projeto de lei, especificamente a combinação de uma lei isentiva tributária com um tema de organização judiciária. O argumento do Governador se baseia na ideia de que essa mescla não é permitida, invocando, implicitamente, a necessidade de que os projetos de lei sejam tematicamente coerentes e respeitem a reserva de iniciativa.";;
;;
"No entanto, a Constituição Federal de 1988 (CRFB/88) não estabelece uma vedação expressa à mescla de temas em um projeto de lei, desde que esses temas estejam relacionados entre si de forma razoável. O que a Constituição proíbe é a apresentação de projetos de lei que versem sobre mais de um tema, quando esses temas não tiverem uma conexão lógica ou temática entre si, o que é conhecido como """"projeto de lei com matéria estranha"""" ou """"projeto de lei com vício de iniciativa"""".";;
;;
Nesse contexto, a doutrina e a jurisprudência brasileiras têm entendido que a mescla de temas em um projeto de lei não é, por si só, um vício que invalide o projeto, desde que haja uma conexão lógica e temática entre os temas abordados. Isso é especialmente relevante em projetos de lei que buscam alterar a organização judiciária, pois essas alterações frequentemente têm implicações financeiras e tributárias, como no caso da instituição de isenções de taxas judiciárias.;;
;;
Além disso, o argumento do Governador quanto à violação da reserva de iniciativa para leis em matéria tributária, com base no princípio da simetria, não se aplica diretamente a essa situação. A reserva de iniciativa para leis tributárias é um princípio que visa garantir que o Chefe do Executivo tenha a iniciativa exclusiva para apresentar projetos de lei que criem ou alterem tributos, mas isso não significa que projetos de lei de iniciativa de outros poderes ou entes não possam tratar de temas tributários, desde que de forma incidental ou conexa ao tema principal do projeto.;;
;;
Portanto, o argumento do Governador de que não poderia haver mescla de lei isentiva tributária com tema de organização judiciária não se sustenta, pois a Constituição não proíbe expressamente essa mescla, e a doutrina e a jurisprudência permitem a abordagem de temas conexos em um mesmo projeto de lei. Além disso, a reserva de iniciativa para leis tributárias não é violada, pois o projeto de lei em questão não cria ou altera tributos de forma principal, mas sim trata de uma isenção incidental à reorganização judiciária.;;
;;
"Em resumo, o Governador não tem razão em seu argumento de que não poderia haver mescla de lei isentiva tributária com tema de organização judiciária, pois a Constituição e a doutrina permitem a abordagem de temas conexos em um mesmo projeto de lei, desde que haja uma conexão lógica e temática entre eles."",""A questão em análise envolve a discussão sobre a reserva de iniciativa para leis em matéria tributária e a aplicação do princípio da simetria em relação ao Presidente da República, conforme estabelecido no Art. 61, §1º, inciso II, alínea b, da Constituição da República Federativa do Brasil de 1988 (CRFB/88).";;
;;
O Art. 61, §1º, inciso II, alínea b, da CRFB/88 estabelece que é de iniciativa privativa do Presidente da República a apresentação de projetos de lei que disponham sobre a criação, transformação ou extinção de cargos, funções ou empregos públicos, bem como sobre a remuneração, empecilhos, garantias e condições de exercício desses cargos, funções e empregos, e sobre a organização dos serviços administrativos da Câmara dos Deputados, do Senado Federal, dos Tribunais Federais e do Ministério Público da União. Além disso, o mesmo dispositivo constitucional também estabelece a iniciativa privativa do Presidente da República para leis que disponham sobre matéria tributária.;;
;;
No entanto, o princípio da simetria não se aplica de forma automática e irrestrita aos Estados-membros. A simetria constitucional é um princípio que visa garantir a harmonia e a coerência entre as normas constitucionais federais e estaduais, mas não significa que as regras de iniciativa legislativa sejam idênticas em todos os níveis da federação.;;
;;
A Constituição da República Federativa do Brasil de 1988, em seu Art. 24, inciso I, estabelece que compete à União, aos Estados e ao Distrito Federal legislar concorrentemente sobre direito tributário, financeiro, penitenciário, econômico e urbanístico. No entanto, a reserva de iniciativa para leis em matéria tributária não é explícita em relação aos Estados-membros.;;
;;
A jurisprudência do Supremo Tribunal Federal (STF) tem entendido que a reserva de iniciativa para leis em matéria tributária é uma prerrogativa do Chefe do Executivo federal, mas não se aplica automaticamente aos Estados-membros. Em outras palavras, a Constituição não estabelece uma reserva de iniciativa para leis em matéria tributária em favor do Governador dos Estados.;;
;;
Portanto, o argumento do Governador de que foi violada a reserva de iniciativa em matéria tributária, por aplicação do princípio da simetria quanto ao Presidente da República, não procede. A iniciativa para apresentar projetos de lei em matéria tributária não é privativa do Governador dos Estados, e a Constituição não estabelece uma reserva de iniciativa nesse sentido.;;
;;
"Em conclusão, o Governador não tem razão em seu argumento de que foi violada a reserva de iniciativa em matéria tributária, por aplicação do princípio da simetria quanto ao Presidente da República. A reserva de iniciativa para leis em matéria tributária é uma prerrogativa do Chefe do Executivo federal, mas não se aplica automaticamente aos Estados-membros."",,3401.0,,,";;
"116,42_direito_empresarial_peca_profissional,LLaMA 3.3 70B (Meta via Groq),peca,5.0,,5.0,,,,,,,""**PEDIDO DE RECONSIDERAÇÃO JUDICIAL**";;
;;
**EXCELENTÍSSIMO SENHOR DOUTOR JUIZ DE DIREITO DA VARA ÚNICA DA COMARCA DE CAXAMBU, MG**;;
;;
**COMERCIAL E EXPORTADORA TRÊS PONTAS S.A.**, sociedade anônima fechada, com sede e estabelecimento em Caxambu, MG, inscrita no CNPJ sob o nº ..., por seu representante legal, **DR. CALDAS BOTELHO**, vem, respeitosamente, perante Vossa Excelência, com fulcro na Lei 11.101/2005 (Lei de Falências) e no Código de Processo Civil, apresentar;;
;;
**PEDIDO DE RECONSIDERAÇÃO JUDICIAL**;;
;;
em face de sua situação econômico-financeira, que se encontra gravemente comprometida em decorrência da pandemia de 2020 e 2021, aliada aos efeitos da geada na região sul de Minas Gerais em 2022, que afetou significativamente as plantações de café, principal produto de exportação da empresa.;;
;;
**FUNDAMENTAÇÃO**;;
;;
A Comercial e Exportadora Três Pontas S.A. foi regularmente constituída em 1970 e tem como objeto a exportação de café de alta qualidade. No entanto, em razão dos eventos mencionados, a empresa passou a enfrentar grave crise financeira, refletida em prejuízos líquidos crescentes nos anos de 2020, 2021 e 2022, totalizando R$ 14.000.000,00 (catorze milhões de reais). Além disso, o valor total do passivo a ser renegociado e novado é de R$ 17.000.000,00 (dezessete milhões de reais), existindo demandas trabalhistas que comprometem o fluxo de caixa da empresa.;;
;;
A receita da companhia, que vinha crescendo até o primeiro semestre de 2020, caiu drasticamente, atingindo apenas 45% do que era em 2019. Mesmo com a adoção de medidas para reduzir despesas, como corte no número de empregados, redução salarial, férias coletivas e alienação de um imóvel, a situação financeira da empresa permanece crítica.;;
;;
**MEDIDAS ADOTADAS**;;
;;
A empresa já adotou várias medidas para tentar superar a crise, incluindo:;;
;;
*   Corte no número de empregados;;
*   Redução salarial;;
*   Férias coletivas;;
*   Alienação de um imóvel para obter recursos;;
*   Investimento de R$ 2.000.000,00 (dois milhões de reais) pelo acionista controlador no segundo semestre de 2022.;;
;;
**PERSPECTIVAS DE MELHORA**;;
;;
Existem perspectivas de melhora a médio prazo, considerando a alta do preço da commodity no mercado internacional e a volta de alguns clientes internacionais da União Europeia. No entanto, é fundamental que a empresa obtenha um período de recuperação para reestruturar suas finanças e operações.;;
;;
**PEDIDO**;;
;;
Diante do exposto, a Comercial e Exportadora Três Pontas S.A. requer a Vossa Excelência que:;;
;;
1.  **DECRETE** a abertura do procedimento de Recuperação Judicial, nos termos da Lei 11.101/2005;;
2.  **CONCEDA** o afastamento da falência da empresa, permitindo que ela possa reestruturar suas finanças e operações;;
3.  **ESTABELEÇA** um prazo para a apresentação do plano de recuperação judicial;;
4.  **DETERMINAR** a suspensão de todas as ações e execuções contra a empresa, enquanto durar o procedimento de Recuperação Judicial.;;
;;
**PROVAS**;;
;;
Anexa-se à presente petição:;;
;;
*   Balanço patrimonial do ano de 2020;;
*   Balanço patrimonial do ano de 2021;;
*   Balanço patrimonial do ano de 2022;;
*   Documento que comprova a aprovação da medida em Assembleia Geral extraordinária;;
*   Outras provas que se fizerem necessárias.;;
;;
**VALOR DA CAUSA**;;
;;
O valor da causa é de R$ 17.000.000,00 (dezessete milhões de reais), correspondente ao valor total do passivo a ser renegociado e novado.;;
;;
**ADVOCACIA**;;
;;
A Comercial e Exportadora Três Pontas S.A. é representada por este advogado, inscrito na Ordem dos Advogados do Brasil sob o nº ...;;
;;
**LOCAL E DATA**;;
;;
Caxambu, MG, ... de ... de ...;;
;;
**ASSINATURA**;;
;;
"..."",2587.0,";;
"117,42_direito_empresarial_questao_1,LLaMA 3.3 70B (Meta via Groq),questao,1.25,,0.65,,,""A medida prevista na legislação empresarial que poderá ser tomada por qualquer dos credores da sociedade empresária diante da alienação do estabelecimento é a impugnação da alienação por meio de ação revocatória, com base no artigo 158 da Lei 11.101/2005 (Lei de Falências) e no artigo 134 do Código Civil, que trata da fraude contra credores.";;
;;
No caso em questão, a alienação do estabelecimento sem notificação prévia aos credores e sem pagamento a eles configura uma hipótese de fraude contra credores, pois a sociedade limitada Adelândia Bar e Restaurante Ltda. não possui bens suficientes para solver o seu passivo após a alienação.;;
;;
"De acordo com o artigo 158 da Lei 11.101/2005, """"a alienação realizada por qualquer dos devedores, sem o consentimento dos demais ou dos credores, quando exigido, pode ser declarada ineficaz em ação revocatória"""". Além disso, o artigo 134 do Código Civil estabelece que """"a fraude contra credores é causa de anulação dos atos praticados com o intuito de prejudicar a satisfação dos créditos"""".";;
;;
Dessa forma, qualquer dos credores da sociedade empresária pode ingressar com ação revocatória para impugnar a alienação do estabelecimento, com o objetivo de anular o ato e preservar o patrimônio da sociedade para garantir a satisfação dos créditos.;;
;;
A jurisprudência brasileira também é firme nesse sentido, entendendo que a fraude contra credores é uma hipótese de anulação do ato, e que os credores têm direito a buscar a invalidação do ato lesivo (STJ, REsp 1.444.121/SP, Rel. Min. Nancy Andrighi, j. 14.05.2019).;;
;;
"Portanto, diante da alienação do estabelecimento sem notificação prévia aos credores e sem pagamento a eles, qualquer dos credores da sociedade empresária pode tomar a medida de impugnar a alienação por meio de ação revocatória, com base na legislação empresarial e no Código Civil."",""A deliberação dos sócios da sociedade limitada Adelândia Bar e Restaurante Ltda. por unanimidade para alienar o único estabelecimento da empresa, sem notificação prévia aos credores ou pagamento a eles, e sem deixar bens suficientes no patrimônio da pessoa jurídica para solver o passivo, tem implicações significativas na responsabilidade dos sócios.";;
;;
De acordo com o Código Civil Brasileiro, artigo 1.003, a sociedade limitada é uma pessoa jurídica que se distingue de seus sócios, os quais têm responsabilidade limitada ao valor de suas quotas. No entanto, em casos de violação da lei ou do contrato social, como a alienação do estabelecimento sem observância das formalidades legais e sem respeito aos direitos dos credores, a responsabilidade dos sócios pode ser afetada.;;
;;
Nesse sentido, o artigo 1.016 do Código Civil estabelece que, se a sociedade limitada alienar seu estabelecimento sem observar as formalidades legais, os sócios que deliberaram a alienação respondem solidariamente pelos débitos da sociedade, até o limite do valor do estabelecimento alienado. Além disso, o artigo 1.017 do mesmo diploma legal determina que, se a alienação do estabelecimento for feita sem o pagamento dos credores ou sem a devida notificação, os sócios que deliberaram a alienação respondem solidariamente pelos débitos da sociedade.;;
;;
Portanto, a deliberação dos sócios da Adelândia Bar e Restaurante Ltda. para alienar o estabelecimento sem observar as formalidades legais e sem respeito aos direitos dos credores pode acarretar a responsabilização solidária dos sócios pelos débitos da sociedade, até o limite do valor do estabelecimento alienado. Isso significa que cada sócio pode ser responsabilizado pelo pagamento dos débitos da sociedade, independentemente da quota que detém na sociedade.;;
;;
Em suma, a deliberação dos sócios no tocante à aprovação da alienação do estabelecimento pode ter como efeito a responsabilização solidária dos sócios pelos débitos da sociedade, em virtude da violação da lei e do contrato social. Essa responsabilidade é fundamentada nos artigos 1.016 e 1.017 do Código Civil, que visam proteger os direitos dos credores e garantir a integridade do patrimônio da sociedade.;;
;;
Justificativa:;;
"A responsabilidade solidária dos sócios é justificada pela necessidade de proteger os direitos dos credores e garantir a integridade do patrimônio da sociedade. A alienação do estabelecimento sem observância das formalidades legais e sem respeito aos direitos dos credores pode acarretar prejuízos significativos para os credores, que podem não ter oportunidade de receber o pagamento de seus débitos. Além disso, a responsabilidade solidária dos sócios serve como um mecanismo de controle e prevenção de abusos, pois os sócios devem agir com cautela e responsabilidade ao deliberar sobre a alienação do estabelecimento da sociedade."",,2899.0,,,";;
"118,42_direito_empresarial_questao_2,LLaMA 3.3 70B (Meta via Groq),questao,1.25,,0.6,,,""A questão em análise envolve o contrato de corretagem, que é regulamentado pelo Código Civil Brasileiro, especificamente nos artigos 722 a 729. O contrato de corretagem é um contrato bilateral, oneroso e comutativo, pelo qual uma das partes (corretor) se obriga a intermediar a celebração de um negócio jurídico entre a outra parte (comitente) e um terceiro, mediante remuneração (comissão).";;
;;
No caso apresentado, Ubiratã, o empresário individual, contratou dois corretores sem cláusula de exclusividade para mediar a venda de três carros executivos. O primeiro corretor atuou na transmissão das propostas ao cliente, enquanto o segundo forneceu esclarecimentos sobre a segurança do negócio. No entanto, a venda não se concretizou devido à desistência de Ubiratã na véspera do dia marcado para a assinatura do contrato.;;
;;
A pergunta é se Ubiratã deve pagar comissão aos dois corretores. Para responder a essa pergunta, é necessário analisar os requisitos para o pagamento da comissão ao corretor, conforme estabelecido no Código Civil.;;
;;
"De acordo com o artigo 725 do Código Civil, """"a remuneração do corretor, se não estiver fixada em lei, nem ajustada entre as partes, será fixada segundo as circunstâncias do negócio"""". Além disso, o artigo 726 do mesmo diploma legal estabelece que """"o corretor tem direito à comissão quando, por seu intermédio, se concluir o negócio, ainda que não tenha sido ele o autor efetivo da proposta"""".";;
;;
"No entanto, o artigo 727 do Código Civil dispõe que """"se o negócio for concluído por intermédio de mais de um corretor, a comissão será paga ao que houver promovido a venda, ou, se esta não puder ser determinada, dividida igualmente entre os corretores"""".";;
;;
No caso em análise, a venda não se concretizou devido à desistência de Ubiratã. Portanto, não se pode dizer que os corretores tenham promovido a venda, pois o negócio não foi concluído.;;
;;
Contudo, é importante notar que os corretores realizaram atos de intermediação, como a transmissão de propostas e o fornecimento de esclarecimentos sobre a segurança do negócio. Nesse sentido, é possível argumentar que os corretores tenham direito à comissão, pois realizaram atos de intermediação que contribuíram para a tentativa de concretização do negócio.;;
;;
No entanto, a jurisprudência brasileira tem entendido que, se o negócio não se concretiza, o corretor não tem direito à comissão, salvo se houver cláusula contratual expressa que estabeleça o pagamento da comissão em caso de desistência do comitente (STJ, REsp 1.444.111/SP, Rel. Min. Nancy Andrighi, 3ª Turma, j. 17.03.2015).;;
;;
Diante disso, é possível concluir que Ubiratã não deve comissão aos dois corretores, pois a venda não se concretizou e não há cláusula contratual expressa que estabeleça o pagamento da comissão em caso de desistência do comitente.;;
;;
No entanto, é importante ressaltar que a questão pode ser objeto de interpretação e que a solução pode variar dependendo das circunstâncias específicas do caso e da interpretação do contrato de corretagem. Além disso, a jurisprudência pode variar dependendo do tribunal e da região.;;
;;
"Portanto, em resumo, Ubiratã não deve comissão aos dois corretores, pois a venda não se concretizou e não há cláusula contratual expressa que estabeleça o pagamento da comissão em caso de desistência do comitente. No entanto, é importante considerar as circunstâncias específicas do caso e a interpretação do contrato de corretagem para chegar a uma solução justa e equitativa."",""De acordo com o Código Civil Brasileiro, especificamente no artigo 725, a regra para o pagamento da comissão em um contrato de corretagem é a seguinte: """"A remuneração do corretor, se não estiver fixada em lei, nem ajustada entre as partes, será determinada pelos usos do lugar onde foi prestado o serviço"""".";;
;;
"No entanto, o mesmo artigo estabelece no parágrafo único que """"Se o negócio se concluir, a remuneração será devida ao corretor, ainda que este não tenha agido com a diligência que lhe era exigida"""".";;
;;
"Além disso, o artigo 726 do Código Civil estabelece que """"Se o corretor tiver agido por conta de ambos os contratantes, a remuneração lhe será paga por ambos, em partes iguais, salvo se houver convenção em contrário"""".";;
;;
Nesse caso específico, como não há cláusula de exclusividade e dois corretores atuaram na mediação da venda, um atuante na transmissão das propostas e o outro prestou esclarecimentos sobre a segurança do negócio, é possível que ambos tenham direito à comissão, desde que tenham contribuído para a conclusão do negócio.;;
;;
A regra para o pagamento da comissão, portanto, seria a seguinte: ambos os corretores teriam direito à comissão, que poderia ser paga por Ubiratã, desde que o negócio se concretize. A comissão poderia ser paga em partes iguais, salvo se houver convenção em contrário.;;
;;
É importante notar que a legislação brasileira estabelece que a comissão do corretor é devida quando o negócio se concretiza, independentemente de quem tenha sido o principal responsável pela conclusão do negócio. No entanto, a divisão da comissão entre os corretores dependeria de um acordo entre as partes ou de uma decisão judicial, caso não haja cláusula específica no contrato de corretagem.;;
;;
"Em resumo, a regra para o pagamento da comissão seria a seguinte: ambos os corretores teriam direito à comissão, que poderia ser paga por Ubiratã, desde que o negócio se concretize, e a comissão poderia ser paga em partes iguais, salvo se houver convenção em contrário."",,3326.0,,,";;
"107,42_direito_penal_questao_1,LLaMA 3.1 8B Instant (Meta via Groq),questao,1.25,0.6,0.6,100.0,,""**Tese de Direito Penal a ser sustentada em relação à imputação de homicídio contra Frederico:**";;
;;
A tese de Direito Penal a ser sustentada em relação à imputação de homicídio contra Frederico é a de que Jonas não cometeu homicídio doloso contra Frederico, pois a morte de Frederico foi causada por legítima defesa.;;
;;
**Fundamentos:**;;
;;
A legítima defesa é uma excludente de ilicitude prevista no art. 25 do Código Penal, que autoriza a prática de um ato que, de outra forma, seria considerado crime, desde que seja necessário para proteger a vida ou a integridade física do agente ou de outrem. Nesse caso, Frederico estava em uma situação de perigo iminente, pois o cachorro feroz estava a caminho das crianças, e Jonas, acreditando que Frederico representava uma ameaça à integridade física das crianças, efetuou o disparo.;;
;;
No entanto, a legítima defesa é condicionada à existência de um perigo real e iminente, e à necessidade de usar a força necessária para afastá-lo. Nesse caso, Frederico estava tentando proteger as crianças, e Jonas acreditou que ele representava uma ameaça. Além disso, a legítima defesa é também condicionada à proporcionalidade da força usada, e, nesse caso, o disparo de arma de fogo foi necessário para afastar o perigo.;;
;;
Portanto, considerando que a morte de Frederico foi causada por legítima defesa, e que Jonas acreditou que Frederico representava uma ameaça à integridade física das crianças, é possível sustentar que Jonas não cometeu homicídio doloso contra Frederico.;;
;;
**Referências legais:**;;
;;
"* Art. 25 do Código Penal: """"A legítima defesa é excludente de ilicitude, desde que sejam observados os requisitos da necessidade e da proporcionalidade.""""";;
"* Art. 29 do Código Penal: """"A legítima defesa é excludente de ilicitude, desde que sejam observados os requisitos da necessidade e da proporcionalidade."""""",""**Tese de Direito Penal a ser sustentada em relação à imputação de homicídio contra a criança:**";;
;;
A tese de Direito Penal a ser sustentada em relação à imputação de homicídio contra a criança é a de que Jonas não pode ser responsabilizado pelo homicídio da criança, pois a morte da criança foi um resultado colateral e inevitável da ação de Frederico, que foi a causa imediata do ataque do cachorro.;;
;;
**Fundamentos:**;;
;;
A teoria do resultado colateral e inevitável é uma exceção à regra do resultado como elemento do crime, prevista no art. 13, § 1º, do Código Penal. De acordo com essa teoria, o resultado colateral e inevitável é aquele que não é imputável ao agente, pois não é resultado direto de sua ação, mas sim de uma causa anterior e independente.;;
;;
Nesse caso, a morte da criança foi um resultado colateral e inevitável da ação de Frederico, que foi a causa imediata do ataque do cachorro. A ação de Frederico foi a que desencadeou a sequência de eventos que levaram à morte da criança, e não a ação de Jonas.;;
;;
Além disso, a teoria do resultado colateral e inevitável também exige que o resultado seja inevitável, ou seja, que não seja possível evitar o resultado sem que o agente cometa um erro ou uma omissão grave. Nesse caso, a morte da criança foi inevitável, pois o cachorro já estava em movimento e não era possível evitar o ataque sem que Frederico fosse atingido.;;
;;
"Portanto, considerando a teoria do resultado colateral e inevitável, é possível sustentar que Jonas não pode ser responsabilizado pelo homicídio da criança, pois a morte da criança foi um resultado colateral e inevitável da ação de Frederico."",""### Avaliação da Resposta do Candidato";;
;;
**Tese de Direito Penal a ser sustentada em relação à imputação de homicídio contra Frederico:**;;
;;
A resposta do candidato apresenta uma tese de Direito Penal que não é a mesma que a prevista no gabarito comentado. O candidato sustenta que Jonas não cometeu homicídio doloso contra Frederico, pois a morte de Frederico foi causada por legítima defesa. No entanto, o gabarito comentado sustenta que Jonas agiu em erro de tipo permissivo ou em legítima defesa putativa ou descriminante putativa, o que impõe a desclassificação da imputação para o delito de homicídio culposo.;;
;;
**Fundamentos:**;;
;;
A resposta do candidato apresenta fundamentos que não são coerentes com a tese sustentada. O candidato argumenta que a legítima defesa é uma excludente de ilicitude prevista no art. 25 do Código Penal, mas não apresenta uma análise clara e precisa da situação. Além disso, o candidato não apresenta uma fundamentação legal adequada para sustentar a tese de que a morte de Frederico foi causada por legítima defesa.;;
;;
**Pontuação:**;;
;;
* A. Jonas agiu em erro de tipo permissivo ou em legítima defesa putativa ou descriminante putativa (0,40): 0,0;;
* A. Desclassificação da imputação para o delito de homicídio culposo (0,15): 0,0;;
* A. Forma do Art. 20, § 1º, do CP (0,10): 0,0;;
* A. Total (0,65): 0,0;;
;;
**Tese de Direito Penal a ser sustentada em relação à imputação de homicídio contra a criança:**;;
;;
A resposta do candidato apresenta uma tese de Direito Penal que é diferente da prevista no gabarito comentado. O candidato sustenta que Jonas não pode ser responsabilizado pelo homicídio da criança, pois a morte da criança foi um resultado colateral e inevitável da ação de Frederico. No entanto, o gabarito comentado sustenta que não há nexo de causalidade entre o atuar de Jonas e a morte da criança.;;
;;
**Fundamentos:**;;
;;
A resposta do candidato apresenta fundamentos que são coerentes com a tese sustentada. O candidato argumenta que a teoria do resultado colateral e inevitável é uma exceção à regra do resultado como elemento do crime, prevista no art. 13, § 1º, do Código Penal. Além disso, o candidato apresenta uma fundamentação legal adequada para sustentar a tese de que a morte da criança foi um resultado colateral e inevitável da ação de Frederico.;;
;;
**Pontuação:**;;
;;
* B. De acordo com a teoria da causalidade adequada, não há nexo de causalidade entre o falecimento da criança e a conduta de Jonas, pois a morte da criança decorreu de circunstância independente (0,50): 0,5;;
* B. Nos termos do Art. 13 do CP (0,10): 0,1;;
* B. Total (0,60): 0,6;;
;;
**Nota Final:**;;
;;
"[[0.6]]"",,,,";;
"108,42_direito_penal_questao_2,LLaMA 3.1 8B Instant (Meta via Groq),questao,1.25,0.1,0.65,15.4,,""**Tese de Direito Penal a ser sustentada:**";;
;;
A tese de Direito Penal a ser sustentada é a de que a sentença condenatória deve ser reformada, pois a pena de um ano e quatro meses de reclusão, substituída por duas restritivas de direitos, é excessiva e desproporcional em relação ao crime cometido.;;
;;
**Justificativa:**;;
;;
O crime previsto no Art. 218-C, § 1º, do Código Penal (CP) é considerado um delito de menor potencial ofensivo, que não envolve violência física ou grave ameaça. Nesse contexto, a pena aplicada é considerada excessiva e desproporcional em relação ao crime cometido.;;
;;
Além disso, a substituição da pena de reclusão por restritivas de direitos, como prestação pecuniária e multa, não é adequada, pois não atende às necessidades de ressocialização e reparação do dano causado. A prestação pecuniária e a multa não têm o poder de reeducar o agente e não são suficientes para reparar o dano causado à vítima.;;
;;
Portanto, a tese de Direito Penal a ser sustentada é que a sentença condenatória deve ser reformada, aplicando uma pena mais adequada e proporcional ao crime cometido, que atenda às necessidades de ressocialização e reparação do dano causado.;;
;;
**Fundamentos legais:**;;
;;
* Art. 5º, XLV, da Constituição Federal: que garante a proporcionalidade da pena em relação ao crime cometido;;
* Art. 59 do Código Penal: que estabelece as regras para a substituição da pena de reclusão por restritivas de direitos;;
* Art. 126 do Código de Processo Penal: que estabelece as regras para a reforma da sentença condenatória.;;
;;
**Argumentação:**;;
;;
"A sentença condenatória deve ser reformada, pois a pena aplicada é excessiva e desproporcional em relação ao crime cometido. A substituição da pena de reclusão por restritivas de direitos não é adequada, pois não atende às necessidades de ressocialização e reparação do dano causado. A prestação pecuniária e a multa não têm o poder de reeducar o agente e não são suficientes para reparar o dano causado à vítima. Portanto, é necessário aplicar uma pena mais adequada e proporcional ao crime cometido, que atenda às necessidades de ressocialização e reparação do dano causado."",""**Resposta à Sub-Questão B**";;
;;
A vítima, Vânia, deve interpor Recurso Inominado (Recurso em Sentido Estrito) contra a sentença condenatória, nos termos do Art. 617 do Código de Processo Penal (CPP).;;
;;
O prazo para interposição do recurso é de 10 dias, contados da data da intimação da sentença, nos termos do Art. 614, § 3º, do CPP.;;
;;
A contagem do prazo começa a fluir a partir da data da intimação da sentença, que foi realizada por meio de notificação ao advogado de Vânia, conforme prevê o Art. 614, § 2º, do CPP. Nesse sentido, a intimação do advogado é considerada intimação da parte, nos termos do Art. 216 do CPP.;;
;;
Portanto, o prazo para interposição do recurso começa a fluir a partir da data da intimação da sentença, que deve ser considerada a data da notificação ao advogado de Vânia.;;
;;
**Justificativa**;;
;;
A vítima, Vânia, tem interesse em interpor recurso contra a sentença condenatória, pois a pena aplicada foi substituída por penas restritivas de direitos, o que pode ser considerado inadequado em relação à gravidade do crime cometido. Além disso, a vítima não se habilitou como assistente de acusação, o que significa que não teve a oportunidade de participar do processo e influir na decisão do juiz.;;
;;
"O Recurso Inominado é o recurso adequado para essa situação, pois permite que a vítima questione a sentença condenatória e peça a reforma da decisão do juiz. O prazo para interposição do recurso é de 10 dias, contados da data da intimação da sentença, o que é um prazo razoável para que a vítima possa analisar a sentença e decidir se interpor recurso."",""### Avaliação da Resposta do Candidato";;
;;
**Tese de Direito Penal a ser sustentada (Item A)**;;
;;
A resposta do candidato apresenta uma tese de Direito Penal a ser sustentada, mas não está de acordo com o gabarito comentado. O candidato sustenta que a sentença condenatória deve ser reformada, pois a pena aplicada é excessiva e desproporcional em relação ao crime cometido. No entanto, o gabarito comentado sustenta que a tese de Direito Penal a ser sustentada é a de que há, entre Rui e Vânia, uma relação íntima de afeto, ainda que já encerrada, o que atrai a incidência da lei de violência doméstica e familiar contra a mulher, de forma a ser inviável a aplicação isolada de pena pecuniária, nos termos do Art. 17 da Lei nº 11.340/2006.;;
;;
**Pontuação para Item A**;;
;;
* Apresentação: 0,00 (o candidato não apresentou a tese de Direito Penal a ser sustentada de acordo com o gabarito comentado);;
* Argumentação: 0,00 (o candidato não apresentou argumentos coerentes e bem construídos para sustentar a tese de Direito Penal);;
* Fundamentação: 0,00 (o candidato não apresentou fundamentos legais adequados para sustentar a tese de Direito Penal);;
;;
**Pontuação acumulada para Item A**: 0,00/0,60;;
;;
**Recurso a ser interposto pela vítima e prazo de interposição (Item B)**;;
;;
A resposta do candidato apresenta uma resposta correta para a sub-questão B1, mas não está de acordo com o gabarito comentado para a sub-questão B2. O candidato sustenta que a vítima deve interpor Recurso Inominado (Recurso em Sentido Estrito) contra a sentença condenatória, nos termos do Art. 617 do Código de Processo Penal (CPP), e que o prazo para interposição do recurso é de 10 dias, contados da data da intimação da sentença. No entanto, o gabarito comentado sustenta que a vítima deve interpor Apelação supletiva, no prazo de 15 (quinze) dias após o transcurso do prazo recursal do MP, nos termos do Art. 598 do CPP ou Súmula 448, do STF.;;
;;
**Pontuação para Item B**;;
;;
* B1. Apelação supletiva: 0,00 (o candidato não apresentou a resposta correta para a sub-questão B1);;
* B2. No prazo de 15 dias após o transcurso do prazo recursal do MP: 0,00 (o candidato não apresentou a resposta correta para a sub-questão B2);;
* B2. No prazo de 10 dias após a intimação da sentença: 0,20 (o candidato apresentou a resposta correta para a sub-questão B2);;
;;
**Pontuação acumulada para Item B**: 0,20/0,65;;
;;
"**Nota final**: [[0.10]]"",,,,";;
"109,42_direito_penal_questao_3,LLaMA 3.1 8B Instant (Meta via Groq),questao,1.25,0.65,0.65,100.0,,""A tese de extinção da punibilidade que pode ser deduzida por Douglas, neste momento, é a prescrição da pretensão punitiva.";;
;;
A prescrição da pretensão punitiva é regulada pelo art. 109 do Código Penal, que estabelece que a pretensão punitiva extingue-se após o prazo de 20 anos, contados da data da sentença condenatória.;;
;;
No caso em questão, a denúncia foi recebida em 10/02/2020 e a sentença condenatória foi proferida em 10/10/2023, o que significa que o prazo de 20 anos ainda não se esgotou. No entanto, é importante observar que a prescrição da pretensão punitiva começa a correr a partir da data da sentença condenatória, e não da data da denúncia.;;
;;
No entanto, considerando que a sentença condenatória foi proferida em 10/10/2023, e que a apelação do Ministério Público foi julgada em 2024, é possível que o prazo de 20 anos tenha sido ultrapassado, o que faria com que a prescrição da pretensão punitiva seja aplicada.;;
;;
"Portanto, a tese de extinção da punibilidade que pode ser deduzida por Douglas é a prescrição da pretensão punitiva, que recai sobre o fato da sentença condenatória proferida em 10/10/2023."",""**Tese Processual a ser arguida:**";;
;;
A tese processual que deve ser arguida em face do recurso oposto pelo Ministério Público é a de que a sentença recorrida está correta e deve ser mantida, pois o Tribunal de Justiça não cometeu erro de julgamento ao denegar o recurso de apelação do Ministério Público.;;
;;
**Justificativa:**;;
;;
"A sentença recorrida condenou Douglas pelo delito de participação em corrida do tipo """"racha"""" (Art. 308 da Lei nº 9.503/1997 - CTB) e absolveu-o em relação ao delito de falsa identidade (Art. 307 do CP), por falta de provas. O Tribunal de Justiça, por maioria, denegou o recurso de apelação do Ministério Público, mantendo a sentença recorrida na íntegra.";;
;;
Nesse contexto, o Ministério Público interpôs embargos infringentes, alegando que a sentença recorrida está errada e que Douglas deve ser condenado pelo delito de falsa identidade. No entanto, a decisão do Tribunal de Justiça não cometeu erro de julgamento, pois a sentença recorrida foi proferida com base em provas suficientes e a denegação do recurso de apelação foi motivada.;;
;;
Portanto, a tese processual a ser arguida é a de que a sentença recorrida está correta e deve ser mantida, pois o Tribunal de Justiça não cometeu erro de julgamento ao denegar o recurso de apelação do Ministério Público.;;
;;
**Argumentos:**;;
;;
"1. A sentença recorrida foi proferida com base em provas suficientes, o que justifica a condenação de Douglas pelo delito de participação em corrida do tipo """"racha"""" e a absolvição em relação ao delito de falsa identidade.";;
2. A denegação do recurso de apelação do Ministério Público foi motivada, o que significa que o Tribunal de Justiça analisou as alegações do Ministério Público e considerou que não havia motivos para reformar a sentença recorrida.;;
3. A interposição de embargos infringentes pelo Ministério Público não altera a situação, pois a decisão do Tribunal de Justiça não cometeu erro de julgamento e a sentença recorrida está correta.;;
;;
**Conclusão:**;;
;;
"Em resumo, a tese processual a ser arguida é a de que a sentença recorrida está correta e deve ser mantida, pois o Tribunal de Justiça não cometeu erro de julgamento ao denegar o recurso de apelação do Ministério Público. Essa tese é justificada pela existência de provas suficientes para a condenação de Douglas pelo delito de participação em corrida do tipo """"racha"""" e pela motivação da denegação do recurso de apelação do Ministério Público."",""### Avaliação da Resposta do Candidato";;
;;
**Item A: Tese de Extinção da Punibilidade**;;
;;
A resposta do candidato apresenta uma tese de extinção da punibilidade, que é a prescrição da pretensão punitiva. No entanto, a fundamentação apresentada é parcialmente correta, pois o candidato não considera a data da denúncia e a possibilidade de o prazo de 20 anos ter sido ultrapassado.;;
;;
**Pontuação:**;;
;;
* Apresentação: 0,2 (o candidato apresenta a tese de extinção da punibilidade, mas não é claro);;
* Argumentação: 0,3 (o candidato apresenta argumentos, mas não são suficientemente claros e precisos);;
* Fundamentação: 0,1 (o candidato não fundamenta corretamente a tese de extinção da punibilidade);;
;;
**Nota Total para o Item A:** 0,6;;
;;
**Item B: Tese Processual**;;
;;
A resposta do candidato apresenta uma tese processual, que é a de que a sentença recorrida está correta e deve ser mantida. No entanto, a fundamentação apresentada é parcialmente correta, pois o candidato não considera a possibilidade de o Tribunal de Justiça ter cometido erro de julgamento.;;
;;
**Pontuação:**;;
;;
* Apresentação: 0,3 (o candidato apresenta a tese processual, mas não é claro);;
* Argumentação: 0,4 (o candidato apresenta argumentos, mas não são suficientemente claros e precisos);;
* Fundamentação: 0,2 (o candidato não fundamenta corretamente a tese processual);;
;;
**Nota Total para o Item B:** 0,65;;
;;
"**Nota Final:** [[0,65]]"",,,,";;
"110,42_direito_penal_questao_4,LLaMA 3.1 8B Instant (Meta via Groq),questao,1.25,0.25,0.6,41.7,,""A inexistência de vaga no regime mais brando pode impedir a progressão de regime, mas não é uma condição absoluta. De acordo com o Art. 112 da Lei de Execuções Penais (LEP), a progressão de regime é condicionada à existência de vaga no regime mais brando, mas o juiz pode autorizar a progressão mesmo sem a existência de vaga, desde que o condenado cumpra a pena em regime mais brando em albergue domiciliar ou em estabelecimento de internação.";;
;;
"Nesse sentido, o Art. 112, parágrafo único, da LEP estabelece que """"se não houver vaga no regime mais brando, o juiz pode autorizar a progressão, desde que o condenado cumpra a pena em regime mais brando em albergue domiciliar ou em estabelecimento de internação"""".";;
;;
Portanto, embora a inexistência de vaga no regime mais brando possa ser um fator a ser considerado, não é uma condição absoluta para a progressão de regime. O juiz tem a discricionariedade para autorizar a progressão, mesmo sem a existência de vaga, desde que o condenado cumpra a pena em regime mais brando em albergue domiciliar ou em estabelecimento de internação.;;
;;
"Nesse caso específico, o juiz condicionou a efetiva progressão à existência de vaga em casa de albergado, mas posteriormente reconsiderou a decisão e permitiu que Thiago cumprisse o restante da pena em albergue domiciliar, desde que se comprometesse à prestação de serviços à comunidade como condição especial do regime aberto. Essa decisão está em conformidade com o Art. 112, parágrafo único, da LEP."",""Sim, é cabível a imposição de prestação de serviços à comunidade como condição especial do regime aberto, conforme previsto no Art. 113 da Lei de Execuções Penais (LEP).";;
;;
A prestação de serviços à comunidade é uma das condições especiais do regime aberto, que visa à reintegração social do condenado e à sua readaptação à sociedade. Essa condição é prevista no Art. 113 da LEP, que estabelece que o condenado pode ser submetido a prestação de serviços à comunidade, desde que seja compatível com a natureza do crime e com a personalidade do condenado.;;
;;
A imposição de prestação de serviços à comunidade como condição especial do regime aberto é cabível quando o condenado está em regime aberto e não há vaga em casa de albergado, como no caso de Thiago. Nesse sentido, o Juiz pode condicionar a efetiva progressão ao regime aberto à prestação de serviços à comunidade, desde que seja compatível com a natureza do crime e com a personalidade do condenado.;;
;;
Além disso, a prestação de serviços à comunidade pode ser uma forma de ressocialização do condenado, permitindo que ele contribua para a sociedade e adquira habilidades e conhecimentos que possam ser úteis para sua reintegração social.;;
;;
"Portanto, a imposição de prestação de serviços à comunidade como condição especial do regime aberto é cabível e pode ser uma forma eficaz de ressocialização do condenado, desde que seja compatível com a natureza do crime e com a personalidade do condenado."",""### Avaliação da Resposta do Candidato";;
;;
#### Item A: A inexistência de vaga no regime mais brando pode impedir a progressão de regime?;;
;;
A resposta do candidato apresenta uma visão parcialmente correta sobre a questão. Embora o candidato mencione que a inexistência de vaga no regime mais brando pode ser um fator a ser considerado, ele também afirma que o juiz tem a discricionariedade para autorizar a progressão, mesmo sem a existência de vaga, desde que o condenado cumpra a pena em regime mais brando em albergue domiciliar ou em estabelecimento de internação.;;
;;
Aqui está a avaliação detalhada:;;
;;
- Apresentação: 0,0 (o candidato não apresentou uma resposta clara e direta à pergunta);;
- Argumentação: 0,4 (o candidato apresentou uma visão parcialmente correta, mas não desenvolveu completamente o raciocínio);;
- Fundamentação: 0,1 (o candidato mencionou o Art. 112 da LEP, mas não aplicou corretamente a norma à questão);;
;;
Pontuação acumulada: 0,5/0,55/0,65;;
;;
#### Item B: É cabível a imposição de prestação de serviços à comunidade como condição especial do regime aberto?;;
;;
A resposta do candidato apresenta uma visão incorreta sobre a questão. Embora o candidato mencione que a prestação de serviços à comunidade é uma das condições especiais do regime aberto, ele afirma que é cabível a imposição dessa condição, mesmo que o condenado esteja em regime aberto e não haja vaga em casa de albergado.;;
;;
Aqui está a avaliação detalhada:;;
;;
- Apresentação: 0,0 (o candidato não apresentou uma resposta clara e direta à pergunta);;
- Argumentação: 0,0 (o candidato apresentou uma visão incorreta e não desenvolveu completamente o raciocínio);;
- Fundamentação: 0,1 (o candidato mencionou o Art. 113 da LEP, mas não aplicou corretamente a norma à questão);;
;;
Pontuação acumulada: 0,0/0,50/0,60;;
;;
"Nota final: [[0.25]]"",,,,";;
"112,42_direito_tributario_questao_1,LLaMA 3.1 8B Instant (Meta via Groq),questao,1.25,0.0,0.65,,,""A) O prazo prescricional para propositura da ação anulatória da decisão administrativa que denegou a restituição é de 5 (cinco) anos, contados a partir da data da decisão administrativa impugnada.";;
;;
Fundamento: O art. 41 da Lei nº 9.784/1999 estabelece que a ação anulatória da decisão administrativa deve ser proposta no prazo de 5 (cinco) anos, contados a partir da data da decisão administrativa impugnada. Além disso, o art. 1º da Lei nº 9.873/1999 estabelece que a prescrição da ação anulatória da decisão administrativa ocorre após o decurso do prazo de 5 (cinco) anos, contados a partir da data da decisão administrativa impugnada.;;
;;
"Portanto, considerando que a decisão administrativa que denegou a restituição foi proferida em favor do Fisco municipal, José Silva tem o prazo de 5 (cinco) anos para propor a ação anulatória da decisão administrativa, contados a partir da data da decisão administrativa impugnada."",""**Resposta à Sub-Questão B)**";;
;;
José Silva não tem razão em sua insurgência contra o pagamento da taxa municipal de combate a incêndios, pois a taxa em questão é considerada uma taxa pública não tributária, que não se enquadra na definição de imposto ou taxa tributária.;;
;;
A taxa de combate a incêndios é uma taxa pública não tributária, pois sua finalidade é a prestação de um serviço público específico, que é a prevenção e combate a incêndios. Além disso, a taxa é cobrada em razão da utilização de serviços públicos específicos, o que a torna uma taxa pública não tributária.;;
;;
O artigo 145 da Constituição Federal estabelece que as taxas públicas são cobradas pela prestação de serviços públicos específicos, e o artigo 150, inciso IV, da Constituição Federal estabelece que as taxas públicas não são consideradas tributárias.;;
;;
Portanto, a taxa municipal de combate a incêndios é uma taxa pública não tributária, e não há fundamento legal para que José Silva insista em sua insurgência contra o pagamento dessa taxa.;;
;;
**Fundamento Legal:**;;
;;
"* Artigo 145 da Constituição Federal: """"São taxas as prestações que, a título oneroso, o particular faça ao Poder Público, em razão de serviço público específico, ou de concreta atividade administrativa de interesse geral.""""";;
"* Artigo 150, inciso IV, da Constituição Federal: """"São consideradas não tributárias as taxas, em razão da utilização, efetiva ou prometida, de serviços públicos específicos, ou de concreta atividade administrativa de interesse geral."""""",""### Avaliação da Resposta do Candidato";;
;;
**Resposta à Sub-Questão A)**;;
;;
A resposta do candidato à sub-questão A) está incorreta. O prazo prescricional para propositura da ação anulatória da decisão administrativa que denegou a restituição é de 2 (dois) anos, conforme o Art. 169, caput, do CTN, e não de 5 (cinco) anos, como afirmado pelo candidato.;;
;;
A fundamentação legal apresentada pelo candidato é incorreta, pois o art. 41 da Lei nº 9.784/1999 não se aplica ao prazo prescricional para propositura da ação anulatória da decisão administrativa que denegou a restituição. Além disso, o art. 1º da Lei nº 9.873/1999 não estabelece que a prescrição da ação anulatória da decisão administrativa ocorra após o decurso do prazo de 5 (cinco) anos.;;
;;
**Pontuação para a Sub-Questão A)**;;
;;
* Apresentação: 0,0 (incorreta);;
* Argumentação: 0,0 (incorreta);;
* Fundamentação: 0,0 (incorreta);;
;;
Pontuação acumulada para a Sub-Questão A): 0,0/0,50/0,60;;
;;
**Resposta à Sub-Questão B)**;;
;;
A resposta do candidato à sub-questão B) está incorreta. José Silva tem razão em sua insurgência contra o pagamento da taxa municipal de combate a incêndios, pois a taxa em questão é considerada uma taxa pública não tributária, que não se enquadra na definição de imposto ou taxa tributária.;;
;;
A fundamentação legal apresentada pelo candidato é incorreta, pois o artigo 145 da Constituição Federal estabelece que as taxas públicas são cobradas pela prestação de serviços públicos específicos, e o artigo 150, inciso IV, da Constituição Federal estabelece que as taxas públicas não são consideradas tributárias. No entanto, a taxa municipal de combate a incêndios é considerada uma taxa tributária, pois sua finalidade é a prestação de um serviço público específico, que é a prevenção e combate a incêndios.;;
;;
**Pontuação para a Sub-Questão B)**;;
;;
* Apresentação: 0,0 (incorreta);;
* Argumentação: 0,0 (incorreta);;
* Fundamentação: 0,0 (incorreta);;
;;
Pontuação acumulada para a Sub-Questão B): 0,0/0,55/0,65;;
;;
**Nota Final**;;
;;
"[[0.00]]"",,,,";;
"113,42_direito_tributario_questao_2,LLaMA 3.1 8B Instant (Meta via Groq),questao,1.25,0.5,0.6,83.3,,""**Resposta à Sub-Questão A)**";;
;;
O auditor fiscal não agiu corretamente ao aplicar a alíquota majorada, prevista na nova lei, na lavratura do auto de infração, cobrando a diferença do Imposto sobre Serviços (ISS).;;
;;
A aplicação da nova alíquota de 5% prevista na Lei Ordinária Municipal nº XXX, de 1º de outubro de 2022, somente é válida a partir da data de entrada em vigor da lei, que não foi mencionada no enunciado. Portanto, no período de 2019 a 2021, a alíquota aplicável era a prevista na Lei Complementar Municipal nº YYY/2015, que era de 2%.;;
;;
"O brocardo latino """"tempus regit actum"""" significa que o tempo regula a ação, ou seja, a norma vigente no momento da lavratura do auto de infração não é a que deve ser aplicada, mas sim a que era vigente no momento em que a infração foi cometida. Nesse caso, a infração foi cometida nos anos de 2019 a 2021, quando a alíquota aplicável era de 2%.";;
;;
Além disso, a aplicação da nova alíquota sem que haja uma clara indicação de quando a lei entrou em vigor pode configurar uma aplicação retroativa da lei, o que é inconstitucional. A Constituição Federal de 1988, em seu artigo 5º, inciso XL, estabelece que a lei não retroagirá, salvo quando beneficiar o contribuinte.;;
;;
"Portanto, o auditor fiscal não agiu corretamente ao aplicar a alíquota majorada, prevista na nova lei, na lavratura do auto de infração, cobrando a diferença do Imposto sobre Serviços (ISS)."",""A sub-questão B) pode ser respondida da seguinte forma:";;
;;
A nova lei ordinária municipal poderia alterar a alíquota de ISS para 5%, pois a Lei Ordinária Municipal nº XXX, de 1º de outubro de 2022, tem competência para alterar as alíquotas do ISS previstas na Lei Complementar Municipal nº YYY/2015.;;
;;
A Lei Complementar Municipal nº YYY/2015 é uma norma de caráter permanente e geral, que estabelece as bases para a cobrança do ISS na cidade. No entanto, a Lei Ordinária Municipal nº XXX, de 1º de outubro de 2022, é uma norma de caráter temporário e específico, que altera as alíquotas do ISS previstas na Lei Complementar Municipal nº YYY/2015.;;
;;
A competência para alterar as alíquotas do ISS é uma competência legislativa municipal, que pode ser exercida por meio de leis ordinárias ou complementares. No entanto, a alteração das alíquotas do ISS por meio de lei ordinária é mais comum, pois permite uma maior flexibilidade e adaptabilidade às necessidades da cidade.;;
;;
"Além disso, a aplicação da nova alíquota de 5% pelo auditor fiscal, com base no brocardo latino """"tempus regit actum"""", é uma aplicação correta da norma, pois a nova lei ordinária municipal entrou em vigor em 1º de outubro de 2022, e as infrações cometidas nos anos de 2019 a 2021 ocorreram após a entrada em vigor da nova lei.";;
;;
Portanto, a resposta é sim, a nova lei ordinária municipal poderia alterar a alíquota de ISS para 5%, pois tem competência para fazê-lo e a aplicação da nova alíquota pelo auditor fiscal é uma aplicação correta da norma.;;
;;
Referências:;;
;;
- Art. 30, inciso I, da Constituição Federal: Competência legislativa municipal.;;
- Art. 146, inciso I, da Constituição Federal: Competência para instituir impostos.;;
- Lei Complementar Municipal nº YYY/2015: Estabelece as bases para a cobrança do ISS na cidade.;;
"- Lei Ordinária Municipal nº XXX, de 1º de outubro de 2022: Altera as alíquotas do ISS previstas na Lei Complementar Municipal nº YYY/2015."",""### Avaliação da Resposta do Candidato";;
;;
**Resposta à Sub-Questão A)**;;
;;
A resposta do candidato é parcialmente correta. Ele identificou corretamente que o auditor fiscal não agiu corretamente ao aplicar a alíquota majorada, prevista na nova lei, na lavratura do auto de infração, cobrando a diferença do Imposto sobre Serviços (ISS). No entanto, a fundamentação legal apresentada é incompleta e contém erros.;;
;;
"A resposta do candidato menciona o brocardo latino """"tempus regit actum"""", que é correto, mas não explora a sua aplicação de forma adequada. Além disso, a resposta do candidato não menciona a norma específica que regula a aplicação da lei anterior à data da ocorrência do fato gerador da obrigação, que é o Art. 144 ou Art. 105 ambos do CTN, ou o Art. 150, inciso III, alínea a, da CRFB/88.";;
;;
**Pontuação para a Sub-Questão A)**;;
;;
- Apresentação: 0,0 (a resposta não apresenta uma apresentação clara e concisa);;
- Argumentação: 0,3 (a resposta apresenta uma argumentação parcialmente correta, mas incompleta e contendo erros);;
- Fundamentação: 0,2 (a resposta não apresenta uma fundamentação legal adequada);;
;;
**Pontuação acumulada para a Sub-Questão A)**;;
;;
0,0 + 0,3 + 0,2 = 0,5;;
;;
**Resposta à Sub-Questão B)**;;
;;
A resposta do candidato é parcialmente correta. Ele identificou corretamente que a nova lei ordinária municipal poderia alterar a alíquota de ISS para 5%. No entanto, a fundamentação legal apresentada é incompleta e contém erros.;;
;;
A resposta do candidato menciona a competência legislativa municipal, mas não explora a sua aplicação de forma adequada. Além disso, a resposta do candidato não menciona a norma específica que regula a alteração das alíquotas do ISS, que é o Art. 8º, inciso II, da LC nº 116/2003.;;
;;
**Pontuação para a Sub-Questão B)**;;
;;
- Apresentação: 0,0 (a resposta não apresenta uma apresentação clara e concisa);;
- Argumentação: 0,4 (a resposta apresenta uma argumentação parcialmente correta, mas incompleta e contendo erros);;
- Fundamentação: 0,1 (a resposta não apresenta uma fundamentação legal adequada);;
;;
**Pontuação acumulada para a Sub-Questão B)**;;
;;
0,0 + 0,4 + 0,1 = 0,5;;
;;
**Nota final**;;
;;
"[[0.50]]"",,,,";;
"114,42_direito_tributario_questao_3,LLaMA 3.1 8B Instant (Meta via Groq),questao,1.25,0.25,0.65,38.5,,""A adoção de alíquotas diferenciadas de IPVA em razão do uso do automóvel como carro de passeio e como táxi é válida, desde que atenda aos princípios constitucionais da isonomia e da capacidade contributiva.";;
;;
A Constituição Federal de 1988 estabelece que a União, os Estados, o Distrito Federal e os Municípios têm competência para instituir impostos, desde que respeitem os princípios constitucionais (art. 151, I, da CF). Nesse sentido, a lei que estabelece alíquotas diferenciadas de IPVA em razão do uso do automóvel como carro de passeio e como táxi não viola o princípio da isonomia, pois não há discriminação arbitrária ou desigualdade entre os contribuintes.;;
;;
Além disso, a lei também atende ao princípio da capacidade contributiva, pois estabelece alíquotas diferenciadas em razão da utilização do automóvel, que é um bem de consumo que pode ser utilizado de maneira diferente, dependendo do uso que é dado. O uso do automóvel como táxi, por exemplo, pode gerar mais impacto econômico e social do que o uso como carro de passeio, pois o táxi é um serviço que é utilizado por muitas pessoas e pode gerar mais receita para o proprietário.;;
;;
Portanto, a adoção de alíquotas diferenciadas de IPVA em razão do uso do automóvel como carro de passeio e como táxi é válida, desde que atenda aos princípios constitucionais da isonomia e da capacidade contributiva.;;
;;
Referências:;;
;;
- Constituição Federal de 1988, art. 151, I.;;
"- Lei Estadual nº XXX, art. YYY (exemplo de lei que estabelece alíquotas diferenciadas de IPVA)."",""**Resposta à Sub-Questão B)**";;
;;
A alíquota diferenciada para automóveis importados, estabelecida em 10% acima da alíquota incidente sobre os automóveis nacionais, é válida.;;
;;
A Constituição Federal de 1988 estabelece que a União, os Estados, o Distrito Federal e os Municípios têm competência para instituir e arrecadar tributos, desde que respeitem os princípios constitucionais, como a isonomia, a capacidade contributiva e a legalidade (art. 151, I, da CF).;;
;;
No caso específico da alíquota diferenciada para automóveis importados, não há violação aos princípios constitucionais. A alíquota majorada de 10% é uma medida que visa a proteger a indústria nacional de veículos, pois os automóveis importados não contribuem para a geração de empregos e renda no país.;;
;;
Além disso, a alíquota diferenciada não viola o princípio da isonomia, pois os automóveis importados são tratados de forma diferente dos nacionais, o que é justificável pela diferença na contribuição para a economia nacional.;;
;;
Portanto, a alíquota diferenciada para automóveis importados é válida, pois não viola os princípios constitucionais e visa a proteger a indústria nacional de veículos.;;
;;
**Fundamentos legais:**;;
;;
* Constituição Federal de 1988, art. 151, I;;
* Lei nº 5.172, de 25 de outubro de 1966 (Código Tributário Nacional), art. 151, I.;;
;;
**Fundamentos doutrinários:**;;
;;
* A alíquota diferenciada é uma medida que visa a proteger a indústria nacional de veículos;;
"* A alíquota majorada de 10% não viola o princípio da isonomia, pois os automóveis importados são tratados de forma diferente dos nacionais."",""### Avaliação da Resposta do Candidato";;
;;
**Resposta à Sub-Questão A)**;;
;;
A resposta do candidato à sub-questão A é parcialmente correta. Ele apresenta uma justificativa para a adoção de alíquotas diferenciadas de IPVA em razão do uso do automóvel como carro de passeio e como táxi, mencionando os princípios constitucionais da isonomia e da capacidade contributiva.;;
;;
No entanto, a resposta não é completa, pois o candidato não menciona explicitamente a competência dos Estados para instituir impostos e não cita o artigo específico da Constituição Federal que autoriza a adoção de alíquotas diferenciadas em função do tipo e da utilização do automóvel.;;
;;
**Pontuação acumulada para a sub-questão A)**;;
;;
* A. Sim. O IPVA é tributo autorizado a ter alíquotas diferenciadas em função do tipo e da utilização do automóvel (0,50): 0,5/0,5 (parcialmente correta, mas não completa);;
* cf. Art. 155, § 6º, inciso II, da CRFB/88 (0,10): 0,0/0,10 (incorreta, pois o candidato não cita o artigo específico);;
;;
Pontuação acumulada para a sub-questão A: 0,5/0,60;;
;;
**Resposta à Sub-Questão B)**;;
;;
A resposta do candidato à sub-questão B é incorreta. Ele argumenta que a alíquota diferenciada para automóveis importados é válida, mas não apresenta uma justificativa adequada para essa afirmação.;;
;;
O candidato menciona a Constituição Federal de 1988 e o Código Tributário Nacional, mas não apresenta uma análise crítica da questão e não cita o artigo específico da Constituição que veda a diferença tributária em razão da procedência ou destino dos bens.;;
;;
**Pontuação acumulada para a sub-questão B)**;;
;;
* B. Não. É vedado aos Estados estabelecer diferença tributária entre bens e serviços, de qualquer natureza, em razão de sua procedência ou destino (0,55): 0,0/0,55 (incorreta);;
* conforme o Art. 152 da CRFB/88 (0,10): 0,0/0,10 (incorreta);;
;;
Pontuação acumulada para a sub-questão B: 0,0/0,65;;
;;
**Nota final**;;
;;
"[[0.25]]"",,,,";;
"115,42_direito_tributario_questao_4,LLaMA 3.1 8B Instant (Meta via Groq),questao,1.25,0.3,0.65,46.2,,""A) Tem razão o Governador em seu argumento de que não poderia haver mescla de lei isentiva tributária com tema de organização judiciária?";;
;;
Não, o Governador não tem razão em seu argumento de que não poderia haver mescla de lei isentiva tributária com tema de organização judiciária. A Constituição Federal de 1988 (CRFB/88) não estabelece uma reserva de matéria para a organização judiciária, que seja incompatível com a matéria tributária.;;
;;
A organização judiciária é uma competência da União, dos Estados e do Distrito Federal, conforme o Art. 22, inciso I, da CRFB/88. Já a competência tributária é exercida pela União, pelos Estados, pelo Distrito Federal e pelos Municípios, conforme o Art. 145 da CRFB/88.;;
;;
A reserva de iniciativa para leis em matéria tributária, prevista no Art. 61, §1º, inciso II, alínea b, da CRFB/88, se refere à competência tributária da União, e não à organização judiciária. Portanto, a instituição de uma nova isenção da taxa judiciária não viola a reserva de iniciativa para leis em matéria tributária.;;
;;
Além disso, a Constituição Federal de 1988 não estabelece uma regra de separação de matérias entre a organização judiciária e a matéria tributária. A lei pode abordar múltiplas matérias, desde que não haja incompatibilidade entre elas.;;
;;
"Em resumo, a mescla de lei isentiva tributária com tema de organização judiciária não viola a Constituição Federal de 1988 e não é um argumento válido para o veto do Governador."",""Não, o Governador não tem razão em seu argumento de que foi violada a reserva de iniciativa em matéria tributária. A reserva de iniciativa em matéria tributária é uma regra constitucional que estabelece que as leis que instituem ou majoram impostos, taxas ou contribuições devem ser de iniciativa do Chefe do Executivo (Art. 61, §1º, inciso II, alínea b, da CRFB/88).";;
;;
No entanto, a simetria entre a União e os Estados não é absoluta. Enquanto a Constituição Federal estabelece que as leis que instituem ou majoram impostos, taxas ou contribuições devem ser de iniciativa do Chefe do Executivo, a Constituição Estadual pode estabelecer regras diferentes para os Estados.;;
;;
Nesse caso, o projeto de lei estadual que altera a divisão das comarcas judiciais e institui uma nova isenção da taxa judiciária não é uma lei que institui ou majora impostos, taxas ou contribuições. A isenção da taxa judiciária é uma medida que visa facilitar o acesso à justiça e não é uma fonte de receita para o Estado.;;
;;
Além disso, a reserva de iniciativa em matéria tributária não é uma barreira absoluta para a instituição de isenções ou benefícios fiscais. A Constituição Estadual pode estabelecer regras que permitam a instituição de isenções ou benefícios fiscais sem a necessidade de iniciativa do Chefe do Executivo.;;
;;
"Portanto, o veto do Governador não é justificado pela violação da reserva de iniciativa em matéria tributária. A decisão do Governador pode ter sido motivada por outros fatores, como a preocupação com a compatibilidade da medida com a Constituição Estadual ou a necessidade de revisão do projeto de lei."",""### Avaliação da Resposta do Candidato";;
;;
A resposta do candidato à segunda pergunta (item B) é a seguinte:;;
;;
Não, o Governador não tem razão em seu argumento de que foi violada a reserva de iniciativa em matéria tributária. A reserva de iniciativa em matéria tributária é uma regra constitucional que estabelece que as leis que instituem ou majoram impostos, taxas ou contribuições devem ser de iniciativa do Chefe do Executivo (Art. 61, §1º, inciso II, alínea b, da CRFB/88).;;
;;
No entanto, a simetria entre a União e os Estados não é absoluta. Enquanto a Constituição Federal estabelece que as leis que instituem ou majoram impostos, taxas ou contribuições devem ser de iniciativa do Chefe do Executivo, a Constituição Estadual pode estabelecer regras diferentes para os Estados.;;
;;
Nesse caso, o projeto de lei estadual que altera a divisão das comarcas judiciais e institui uma nova isenção da taxa judiciária não é uma lei que institui ou majora impostos, taxas ou contribuições. A isenção da taxa judiciária é uma medida que visa facilitar o acesso à justiça e não é uma fonte de receita para o Estado.;;
;;
Além disso, a reserva de iniciativa em matéria tributária não é uma barreira absoluta para a instituição de isenções ou benefícios fiscais. A Constituição Estadual pode estabelecer regras que permitam a instituição de isenções ou benefícios fiscais sem a necessidade de iniciativa do Chefe do Executivo.;;
;;
"Portanto, o veto do Governador não é justificado pela violação da reserva de iniciativa em matéria tributária. A decisão do Governador pode ter sido motivada por outros fatores, como a preocupação com a compatibilidade da medida com a Constituição Estadual ou a necessidade de revisão do projeto de lei.""""";;
;;
### Comparação com o Gabarito Comentado;;
;;
A resposta do candidato apresenta algumas divergências em relação ao gabarito comentado. O gabarito comentado afirma que a reserva de iniciativa em matéria tributária é exercida pelo Presidente da República, enquanto o candidato afirma que a reserva de iniciativa em matéria tributária é exercida pelo Chefe do Executivo. Além disso, o candidato apresenta uma argumentação mais detalhada sobre a simetria entre a União e os Estados e sobre a possibilidade de a Constituição Estadual estabelecer regras diferentes para os Estados.;;
;;
### Análise dos Itens da Tabela de Distribuição de Pontos;;
;;
| ITEM | PONTUAÇÃO |;;
| --- | --- |;;
| B. Não. Não existe reserva de iniciativa para leis em matéria tributária ao chefe do Executivo (0,35). O Presidente da República, conforme o Art. 61, §1º, inciso II, alínea b, da CRFB/88, detém reserva de iniciativa para leis em matéria tributária apenas em relação aos Territórios Federais (0,30). | 0,00/0,30/0,35 |;;
;;
A resposta do candidato apresenta uma argumentação coerente e bem construída, mas apoiada em um artigo equivocado (Art. 61, §1º, inciso II, alínea b, da CRFB/88). Portanto, a nota da argumentação deve ser contabilizada.;;
;;
### Pontuação Acumulada;;
;;
A resposta do candidato apresenta uma argumentação coerente e bem construída, mas com algumas divergências em relação ao gabarito comentado. Considerando a tabela de distribuição de pontos, a pontuação acumulada é de 0,30.;;
;;
### Nota Final;;
;;
"[[0.30]]"",,,,";;
"117,42_direito_empresarial_questao_1,LLaMA 3.1 8B Instant (Meta via Groq),questao,1.25,0.4,0.65,61.5,,""A medida prevista na legislação empresarial que poderá ser tomada por qualquer dos credores da sociedade empresária diante da alienação do estabelecimento é a ação de cobrança de dívida, mais especificamente, a ação de execução fiscal, se for o caso, ou a ação de cobrança de dívida contra a sociedade empresária.";;
;;
No entanto, a medida mais adequada e eficaz, considerando a situação narrada, é a ação de falência, prevista no artigo 94 da Lei nº 11.101/2005, que dispõe sobre a recuperação de empresas e a falência.;;
;;
A ação de falência é uma medida processual que visa a liquidação dos bens da sociedade empresária para pagamento dos credores, e pode ser ajuizada por qualquer credor, independentemente de ter sido notificado ou não da alienação do estabelecimento.;;
;;
A justificativa para a ação de falência é a seguinte: a alienação do estabelecimento sem pagamento dos credores e sem notificação prévia a eles configura um ato de fraude à execução, que é um dos motivos que podem ser alegados para a ação de falência, conforme previsto no artigo 94, inciso II, da Lei nº 11.101/2005.;;
;;
Além disso, a ação de falência é uma medida que visa a proteção dos interesses dos credores, que foram lesados pela alienação do estabelecimento sem pagamento, e visa a garantir que os bens da sociedade empresária sejam liquidados para pagamento dos credores.;;
;;
"Portanto, a ação de falência é a medida mais adequada e eficaz para os credores da sociedade empresária Adelândia Bar e Restaurante Ltda. diante da situação narrada."",""**Resposta à Sub-Questão B)**";;
;;
A deliberação dos sócios da sociedade limitada Adelândia Bar e Restaurante Ltda. para alienar o único estabelecimento, situado na cidade de Trindade, GO, sem notificação prévia aos credores ou sem qualquer pagamento a eles, não afeta a responsabilidade de cada sócio na sociedade.;;
;;
"Isso porque, na sociedade limitada, a responsabilidade dos sócios é limitada ao valor das quotas que cada um detém. De acordo com o art. 1.052 do Código Civil, """"os sócios de sociedade limitada não respondem, pessoal e ilimitadamente, pelas obrigações sociais, salvo se houver garantia pessoal"""".";;
;;
Portanto, a alienação do estabelecimento sem notificação prévia aos credores ou sem qualquer pagamento a eles não afeta a responsabilidade dos sócios, que permanecem limitados ao valor das suas quotas. A responsabilidade dos sócios é limitada e não pode ser ampliada por atos da sociedade, como a alienação do estabelecimento.;;
;;
No entanto, é importante destacar que a situação narrada pode gerar consequências para os sócios em relação aos credores da sociedade. Se os credores não foram notificados préviamente sobre a alienação do estabelecimento, eles podem alegar que a sociedade não cumpriu com as obrigações contratuais e buscar responsabilizar os sócios por eventuais perdas ou danos.;;
;;
"Nesse sentido, a deliberação dos sócios pode ter consequências para a sociedade e para os credores, mas não afeta a responsabilidade dos sócios na sociedade."",""### Avaliação da Resposta do Candidato";;
;;
**Resposta à Sub-Questão A)**;;
;;
A resposta do candidato apresenta algumas divergências em relação ao gabarito comentado. Embora o candidato mencione a ação de falência como medida prevista na legislação empresarial, ele não menciona explicitamente o artigo 94, inciso III, alínea c, da Lei nº 11.101/05, que é o artigo correto que prevê a ação de falência em caso de alienação do estabelecimento sem pagamento dos credores.;;
;;
Além disso, o candidato menciona a ação de cobrança de dívida e a ação de execução fiscal como medidas alternativas, mas não é claro se essas medidas são aplicáveis à situação narrada.;;
;;
No entanto, o candidato apresenta uma justificativa razoável para a ação de falência, mencionando a fraude à execução como motivo para a ação.;;
;;
**Distribuição de Pontos**;;
;;
| ITEM | PONTUAÇÃO |;;
|---|---|;;
| A. A alienação (ou transferência) do estabelecimento, sem o consentimento de todos os credores e sem ficar a sociedade com bens suficientes para solver o seu passivo, autoriza qualquer credor a requerer a decretação da falência da sociedade (0,50), com base no Art. 94, inciso III, alínea c, da Lei nº 11.101/05 (0,10) OU o credor que se sentir prejudicado poderá pleitear a anulação do negócio jurídico (0,50), com base no Art. 159 do CC (0,10). | 0,40/0,50/0,60 |;;
;;
**Resposta à Sub-Questão B)**;;
;;
A resposta do candidato apresenta uma divergência em relação ao gabarito comentado. Embora o candidato mencione que a responsabilidade dos sócios é limitada ao valor das quotas que cada um detém, ele não menciona explicitamente o artigo 1.080 do Código Civil, que é o artigo correto que prevê a responsabilidade ilimitada dos sócios em caso de deliberação infringente da lei.;;
;;
Além disso, o candidato menciona que a deliberação dos sócios não afeta a responsabilidade de cada sócio na sociedade, o que não é correto.;;
;;
No entanto, o candidato apresenta uma justificativa razoável para a responsabilidade ilimitada dos sócios, mencionando a fraude à execução como motivo para a responsabilidade ilimitada.;;
;;
**Distribuição de Pontos**;;
;;
| ITEM | PONTUAÇÃO |;;
|---|---|;;
| B2. Por se tratar de deliberação infringente da lei, torna-se ilimitada a responsabilidade dos sócios perante os credores (0,55), de acordo com o Art. 1.080 caput do CC (0,10). | 0,00/0,55/0,65 |;;
;;
**Nota Final**;;
;;
"[[0.40]]"",,,,";;
"118,42_direito_empresarial_questao_2,LLaMA 3.1 8B Instant (Meta via Groq),questao,1.25,0.5,0.6,83.3,,""**Resposta à Sub-Questão A)**";;
;;
Sim, Ubiratã deve comissão aos dois corretores. Isso porque, embora a venda não tenha se concretizado, os corretores já haviam realizado serviços para Ubiratã, como a transmissão de propostas ao cliente e a prestação de esclarecimentos sobre a segurança do negócio.;;
;;
De acordo com o art. 25 da Lei nº 4.886/65, o corretor de imóveis ou de mercadorias tem direito à comissão, mesmo que a venda não se concretize, desde que tenha realizado serviços para o cliente. Além disso, o art. 26 da mesma lei estabelece que a comissão é devida ao corretor que tenha realizado serviços para o cliente, independentemente de a venda se concretizar ou não.;;
;;
Nesse caso, os dois corretores já haviam realizado serviços para Ubiratã e, portanto, têm direito à comissão, mesmo que a venda não tenha se concretizado. A desistência de Ubiratã na véspera da assinatura do contrato não afeta o direito dos corretores à comissão, pois eles já haviam realizado serviços para o cliente.;;
;;
Além disso, a falta de cláusula de exclusividade nos contratos entre Ubiratã e os corretores não afeta o direito dos corretores à comissão, pois a exclusividade é uma cláusula que pode ser acordada entre as partes, mas não é obrigatória. Nesse caso, os corretores não tinham a obrigação de ser exclusivos e, portanto, podem cobrar a comissão por serviços realizados.;;
;;
"Em resumo, Ubiratã deve comissão aos dois corretores, pois eles já haviam realizado serviços para o cliente e têm direito à comissão, independentemente de a venda se concretizar ou não."",""**Resposta à Sub-Questão B)**";;
;;
A regra para o pagamento da comissão, caso o negócio pretendido por Ubiratã e mediado pelos corretores se concretizasse, seria a base percentual sobre o valor da operação.;;
;;
De acordo com o art. 25 da Lei nº 4.886/65, o contrato de corretagem é regido pelas normas do Código Civil, e o pagamento da comissão é calculado sobre o valor da operação. Nesse sentido, o art. 615 do Código Civil estabelece que a comissão do corretor é calculada sobre o valor da operação, sendo considerado o valor da coisa ou do serviço.;;
;;
Além disso, o art. 616 do Código Civil determina que a comissão do corretor é devida apenas se a operação se concretizar, o que é o caso em questão. Portanto, se o negócio pretendido por Ubiratã e mediado pelos corretores se concretizasse, a regra para o pagamento da comissão seria a base percentual sobre o valor da operação.;;
;;
**Justificativa**;;
;;
A justificativa para essa regra está no fato de que a comissão do corretor é um incentivo para que ele trabalhe em prol do cliente e do vendedor, e o pagamento sobre o valor da operação é uma forma de recompensar o corretor pelo seu trabalho. Além disso, essa regra também visa a evitar que o corretor seja pago por serviços não prestados, o que seria injusto para o cliente e o vendedor.;;
;;
**Conclusão**;;
;;
"Em resumo, a regra para o pagamento da comissão, caso o negócio pretendido por Ubiratã e mediado pelos corretores se concretizasse, seria a base percentual sobre o valor da operação, de acordo com os arts. 615 e 616 do Código Civil."",""### Avaliação da Resposta do Candidato";;
;;
**Resposta à Sub-Questão A)**;;
;;
A resposta do candidato é parcialmente correta. Ele argumenta que Ubiratã deve comissão aos dois corretores, pois eles já haviam realizado serviços para o cliente e têm direito à comissão, independentemente de a venda se concretizar ou não. No entanto, a resposta não é completa, pois não leva em conta a cláusula de exclusividade nos contratos entre Ubiratã e os corretores.;;
;;
**Pontuação**;;
;;
* Apresentação: 0,5 (o candidato apresenta a tese de que Ubiratã deve comissão aos dois corretores);;
* Argumentação: 0,3 (o candidato apresenta argumentos parciais, mas não leva em conta a cláusula de exclusividade);;
* Fundamentação: 0,2 (o candidato cita artigos da Lei nº 4.886/65, mas não os aplica corretamente);;
;;
**Pontuação Total para a Sub-Questão A)**;;
;;
0,5 + 0,3 + 0,2 = 1,0;;
;;
**Resposta à Sub-Questão B)**;;
;;
A resposta do candidato é incorreta. Ele argumenta que a regra para o pagamento da comissão, caso o negócio pretendido por Ubiratã e mediado pelos corretores se concretizasse, seria a base percentual sobre o valor da operação. No entanto, a resposta não é correta, pois a comissão do corretor é calculada sobre o valor da operação, mas não é a base percentual sobre o valor da operação.;;
;;
**Pontuação**;;
;;
* Apresentação: 0,0 (o candidato não apresenta a tese correta);;
* Argumentação: 0,0 (o candidato apresenta argumentos incorretos);;
* Fundamentação: 0,0 (o candidato não cita artigos da Lei nº 4.886/65 ou do Código Civil);;
;;
**Pontuação Total para a Sub-Questão B)**;;
;;
0,0 + 0,0 + 0,0 = 0,0;;
;;
**Nota Final**;;
;;
"[[0.50]]"",,,,";;
"108,42_direito_penal_questao_2,Groq Compound (Groq),questao,1.25,0.65,0.65,100.0,,""**Tese a ser sustentada:** A sentença deve ser reformada para **rejeitar a substituição da pena privativa de liberdade por penas restritivas de direitos**, bem como para **reavaliar a dosimetria à luz do § 2º do art. 218‑C do Código Penal**, que prevê o aumento da pena quando a divulgação das imagens ocorre por meio de rede social ou aplicativo de internet.  ";;
;;
---;;
;;
### 1. Fundamento constitucional e legal da impossibilidade de substituição automática;;
;;
| Norma | Conteúdo relevante |;;
|-------|--------------------|;;
| **CF, art. 5º, LV** | “a pena deve ser individualizada, observando‑se a culpabilidade, os antecedentes, a conduta social, a personalidade do agente, os motivos, as circunstâncias e as consequências do crime”. |;;
| **CF, art. 5º, LVII** | Proíbe penas cruéis ou desproporcionais. |;;
| **CF, art. 5º, IX** | Toda decisão judicial deve ser motivada, sob pena de nulidade. |;;
| **CP, art. 44** | A substituição da pena privativa de liberdade por restritiva de direitos só é admitida quando: <br> a) o crime não for de natureza grave; <br> b) a pena privativa de liberdade não ultrapassar 2 (dois) anos; <br> c) o réu for primário, de bons antecedentes e não houver circunstâncias que indiquem periculosidade. |
| **CP, art. 218‑C, §§ 1º e 2º** | § 1º – crime de divulgação de cena de natureza sexual sem consentimento, pena de 1 a 5 anos de reclusão e multa. <br> § 2º – aumento de 1/6 a 1/3 se a divulgação ocorrer por meio de rede social ou aplicativo de internet. |;;
| **CP, art. 59** (dosimetria) | A pena deve ser fixada atendendo aos princípios da proporcionalidade e da adequação da sanção ao bem jurídico tutelado. |;;
| **STJ, Súmula 471** | “A substituição da pena privativa de liberdade por restritiva de direitos deve ser devidamente fundamentada”. |;;
| **STJ, REsp 1.123.456/RS** (2021) | Reconheceu a impossibilidade de substituir a pena em crimes que atingem a intimidade sexual da vítima quando a conduta demonstra grave violação da dignidade humana, exigindo a manutenção da reclusão. |;;
;;
**Aplicação ao caso:**  ;;
- O delito tipificado no art. 218‑C atinge a intimidade sexual e a honra da vítima, sendo, portanto, **crime de natureza grave** (jurisprudência do STJ).  ;;
- Embora a pena aplicada (1 ano e 4 meses) seja inferior a 2 anos, a **gravidade do bem jurídico violado** (dignidade da pessoa humana, prevista no art. 1º, III, da CF) impede a simples substituição por penas restritivas, sob pena de afronta ao princípio da proporcionalidade (art. 59 CP) e ao dever de proteção da intimidade.  ;;
- A sentença **não trouxe a fundamentação exigida** para a escolha das penas restritivas (CF, art. 5º, IX; STJ, Súmula 471), violando o direito ao devido processo legal.;
;;
### 2. Inobservância do aumento previsto no § 2º do art. 218‑C;;
;;
- O fato narrado indica que a divulgação ocorreu “por meio de rede social” (ou aplicativo de internet), circunstância que, nos termos do **§ 2º**, eleva a pena de 1/6 a 1/3.  ;;
- Não havendo a aplicação desse aumento, a pena efetivamente imposta está **subdimensionada**, contrariando o princípio da **legalidade** (art. 5º, XXXIX, CF) e a **adequação da sanção** (art. 59 CP).  ;;
;;
### 3. Legitimidade da Vânia para interpor recurso;;
;;
- O Código de Processo Penal, art. 593, § 1º, permite que a vítima, na qualidade de **assistente de acusação**, apresente recurso de apelação no prazo de **5 (cinco) dias** a contar da intimação da sentença.  ;;
#NOME?; a própria lei autoriza a **habilitação tardia**, desde que o recurso seja apresentado dentro do prazo recursal (art. 593, § 2º, CPP).  ;
- Assim, Vânia tem legitimidade para requerer a reforma da sentença, ainda que ainda não tenha formalizado a assistência.;;
;;
### 4. Conclusão da tese;;
;;
A tese a ser sustentada consiste em **(i) a nulidade parcial da sentença por falta de fundamentação idônea da substituição da pena privativa de liberdade por penas restritivas de direitos**, e **(ii) a necessidade de reavaliar a dosimetria à luz do aumento legal previsto no § 2º do art. 218‑C**, o que, no mínimo, eleva a pena para 1 ano e 8 meses (ou mais, conforme a dosimetria), podendo ainda **exigir a manutenção da reclusão** por se tratar de crime grave que atinge a dignidade da pessoa humana.  ;;
;;
Portanto, o recurso a ser interposto deve pleitear:;;
;;
1. **A nulidade da substituição da pena** por ausência de fundamentação e inadequação ao caráter grave do delito;  ;
2. **A aplicação do aumento de pena previsto no § 2º**, com a consequente elevação da pena-base;  ;
"3. **A imposição da pena privativa de liberdade** (reclusão) ou, alternativamente, a fixação de regime mais severo, em observância ao princípio da individualização da pena e à proteção da intimidade da vítima."",""**Recurso cabível:** **Apelação** (art. 593, inc. I, do Código de Processo Penal – CPP).  ";;
;;
**Prazo para interposição:** **5 (cinco) dias** contados a partir da **intimação da sentença** (art. 593, § 1º, CPP).;;
;;
---;;
;;
### Fundamentação;;
;;
1. **Legitimidade da vítima para recorrer**  ;;
   * O art. 593, inc. I, do CPP dispõe que “caberá apelação … da sentença que condenar o réu a pena”.  ;;
   * A vítima, ainda que ainda não tenha sido habilitada como **assistente de acusação**, possui qualidade de **parte civil** (art. 5º, LV, da Constituição Federal) e, portanto, tem legitimidade para recorrer da sentença condenatória (STJ, REsp 1.123.456/RS, Rel. Min. Rosa Weber, j. 08/03/2019).  ;;
   * Caso ainda não esteja formalmente habilitada, o advogado pode requerer a habilitação **antes** da interposição do recurso, sem prejuízo do prazo (art. 59, § 2º, do CPP).;;
;;
2. **Tipo de recurso**  ;;
   * Não há recurso específico previsto para a vítima em matéria penal que substitua a apelação; a apelação é o meio ordinário de impugnação da sentença condenatória.  ;
   * Os demais recursos (embargos de declaração, recurso em sentido estrito) são restritos ao Ministério Público, ao querelante ou ao réu, não sendo cabíveis pela vítima para atacar o mérito da condenação.;;
;;
3. **Prazo de 5 dias**  ;;
   * O art. 593, § 1º, do CPP estabelece que o prazo para interpor a apelação é de **5 (cinco) dias**, contados da **intimação da sentença**.  ;;
   * A intimação da sentença à vítima e ao seu advogado foi realizada nos termos do art. 5º, § 2º, do CPP (intimação pessoal ou por meio eletrônico, se houver). A contagem do prazo tem início **no dia seguinte** ao da intimação (art. 219, I, do CPP).  ;;
;;
4. **Início da contagem**  ;;
   * Se a intimação ocorreu, por exemplo, em **10/04/2026**, o prazo começa a correr em **11/04/2026** e se encerra ao final do dia **15/04/2026** (excluindo o dia da intimação).  ;;
   * Caso a intimação tenha sido feita por meio eletrônico (portal do tribunal), o prazo começa a contar a partir da data de disponibilização da intimação, observando‑se o mesmo intervalo de 5 dias.;;
;;
5. **Procedimento**  ;;
   * O advogado de Vânia deverá apresentar a **petição de apelação** dentro do prazo, contendo:  ;;
     - Endereçamento ao juízo de origem;  ;
     - Exposição dos fatos e do direito (inconformismo com a substituição da pena por restrição de direitos, violação ao princípio da proporcionalidade, etc.);  ;
     - Requerimento de concessão de efeito suspensivo, se necessário;  ;
     - Indicação das peças que instruem o recurso (cópia da sentença, certidão de intimação, procuração).  ;;
;;
---;;
;;
### Resumo;;
;;
- **Recurso:** Apelação (art. 593, I, CPP).  ;;
- **Prazo:** 5 dias, contados a partir da **intimação da sentença** (art. 593, § 1º, CPP; início da contagem no dia seguinte à intimação).  ;
;;
"Assim, a vítima, por meio de seu advogado, deve interpor a apelação dentro desse lapso temporal, podendo, se necessário, requerer sua habilitação como assistente de acusação antes da interposição, sem que isso altere o prazo legal."",""### Avaliação da Resposta do Candidato";;
;;
**Tese de Direito Penal (Item A)**;;
;;
- A resposta do candidato apresenta uma tese de Direito Penal clara e bem fundamentada, abordando a impossibilidade de substituição da pena privativa de liberdade por penas restritivas de direitos em crimes de natureza grave, como o caso em questão.;;
- A fundamentação legal é adequada, com citação de artigos do Código Penal e da Constituição Federal, bem como de jurisprudência do Superior Tribunal de Justiça.;;
- A resposta também aborda a necessidade de reavaliar a dosimetria da pena à luz do aumento legal previsto no § 2º do art. 218-C do Código Penal.;;
- Pontuação: 0,60 (máxima);;
;;
**Recurso Cabível e Prazo de Interposição (Item B)**;;
;;
- A resposta do candidato identifica corretamente o recurso cabível pela vítima, que é a apelação, e o prazo de interposição, que é de 5 dias contados a partir da intimação da sentença.;;
- A fundamentação legal é adequada, com citação de artigos do Código de Processo Penal.;;
#NOME?;;
- Pontuação:;;
 + B1. Apelação supletiva: 0,30 (máxima);;
 + B2. No prazo de 15 dias após o transcurso do prazo recursal do MP: 0,35 (máxima);;
;;
**Nota Final**;;
;;
"[[0.85]]"",,,,";;
"112,42_direito_tributario_questao_1,Groq Compound (Groq),questao,1.25,0.625,0.65,96.2,,""**SUB‑QUESTÃO A – Prazo prescricional para a ação anulatória da decisão administrativa que denegou a restituição do indébito tributário**";;
;;
### 1. Natureza da ação;;
;;
A pretensão de José Silva consiste em impugnar judicialmente a decisão administrativa que negou a restituição de taxa municipal paga indevidamente. Essa demanda enquadra‑se, nos termos da doutrina e da jurisprudência, como **ação de repetição de indébito tributário** (ou ação anulatória de ato administrativo que reconhece a inexistência de crédito tributário).  ;;
;;
### 2. Regra geral de prescrição no direito tributário;;
;;
O **Código Tributário Nacional (CTN)** dispõe, no art. 174, que:;;
;;
> “O direito de pleitear a restituição ou compensação de tributo, bem como o de repetir o indébito, prescreve em **cinco anos**, contados da data do pagamento.”;;
;;
Esse dispositivo estabelece o prazo prescricional para a pretensão de restituição ou repetição do indébito, independentemente de a ação ser proposta contra a Fazenda ou contra a decisão administrativa que a negou.;;
;;
### 3. Interpretação jurisprudencial;;
;;
O Superior Tribunal de Justiça consolidou o entendimento acerca do prazo aplicável à impugnação judicial de decisão administrativa que nega a restituição, por meio da **Súmula 162**:;;
;;
> **Súmula 162 – STJ:** “A decisão que denega a restituição de tributo prescreve em **cinco anos**.”;;
;;
A súmula parte do princípio de que a decisão administrativa que impede a restituição constitui o ato que gera o direito de ação, sendo, portanto, o marco temporal para a contagem do prazo prescricional.;;
;;
### 4. Contagem do prazo;;
;;
- **Início da contagem:** a partir da **data da ciência da decisão administrativa** que denegou o pedido de restituição (ou, na prática, da data da sua publicação ou intimação).  ;;
- **Término:** cinco (5) anos contados desse marco.  ;;
;;
Caso a decisão tenha sido proferida há menos de cinco anos, ainda há prazo para a propositura da ação. No caso concreto, como José recebeu a decisão desfavorável recentemente (não há indicação de que já se passaram cinco anos), o prazo está em aberto.;;
;;
### 5. Distinção entre prescrição e decadência;;
;;
É importante diferenciar:;;
;;
- **Prescrição** – aplicada ao direito de ação (art. 174, CTN).  ;;
- **Decadência** – aplicada ao direito de constituir o crédito tributário (art. 173, CTN).  ;;
;;
No caso, o crédito tributário já está constituído (há cobrança da taxa). O que se discute é o direito de **repetir o indébito** ou **anular a decisão administrativa**, matéria sujeita à prescrição de cinco anos, e não à decadência.;;
;;
### 6. Conclusão;;
;;
O prazo prescricional para a propositura da ação anulatória da decisão administrativa que denegou a restituição da taxa municipal de combate a incêndios é **cinco (5) anos**, contados da data em que José tomou ciência da referida decisão administrativa, conforme o art. 174 do CTN, reforçado pela Súmula 162 do STJ.  ;;
;;
"Portanto, enquanto não transcorrido esse lapso quinquenal, José pode ajuizar a ação anulatória pleiteando a restituição do indébito tributário."",""**Sub‑questão B – José tem razão em sua insurgência contra o pagamento da taxa municipal de combate a incêndios?**";;
;;
### 1. Natureza jurídica da taxa;;
;;
A taxa municipal de combate a incêndios é um tributo que pode ser instituído pelos municípios nos termos do **art. 145, II, da Constituição Federal**, que autoriza a cobrança de taxas “pelo exercício do poder de polícia ou pela utilização, efetiva ou potencial, de serviços públicos específicos e divisíveis, prestados ao contribuinte ou postos à sua disposição”.;;
;;
O **Código Tributário Nacional (CTN)**, art. 77, disciplina que a taxa deve ter como fato gerador:;;
;;
* a prestação de um serviço público específico e divisível, ou  ;;
* o exercício do poder de polícia.;;
;;
### 2. Requisitos de validade da taxa;;
;;
Para que a taxa seja válida, é imprescindível o cumprimento dos seguintes requisitos (art. 78, CTN e princípios constitucionais tributários):;;
;;
| Requisito | Exigência |;;
|-----------|-----------|;;
| **Legalidade** | Deve existir lei municipal que a institua, descrevendo claramente o fato gerador, a base de cálculo e a alíquota. |;;
| **Especificidade e divisibilidade do serviço** | O serviço deve ser individualizável e mensurável para cada contribuinte (ex.: taxa de iluminação pública, de coleta de lixo). |;;
| **Potencial ou efetiva utilização** | O contribuinte deve ter a possibilidade real de usar o serviço ou já ter usufruído dele. |;;
| **Capacidade contributiva** | A cobrança não pode ser desproporcional ao benefício recebido. |;;
| **Finalidade de custeio** | A taxa não pode ser utilizada como fonte de receita geral, mas apenas para custear o serviço específico. |;;
;;
### 3. Possíveis fundamentos da insurgência de José;;
;;
1. **Ausência de prestação efetiva ou potencial do serviço ao contribuinte**  ;;
   Se José não utilizou o serviço de combate a incêndios e não há demonstração de que o município disponibiliza efetivamente esse serviço de forma individualizada (ex.: brigada de incêndio exclusiva para seu imóvel ou zona), a taxa viola o requisito da **utilização efetiva ou potencial** previsto no art. 77, CTN. A jurisprudência do STJ (REsp 1.123.456/RS) reconhece a nulidade da taxa quando o serviço não é efetivamente prestado ao contribuinte.;;
;;
2. **Inexistência de serviço específico e divisível**  ;;
   O combate a incêndios costuma ser um serviço de natureza coletiva, de utilidade pública geral, não sendo divisível por contribuinte. Quando a taxa é cobrada como se fosse um serviço individualizado, viola o princípio da **especificidade** (art. 78, CTN). O STF, no RE 566.247/SC, declarou inconstitucional a cobrança de taxa de incêndio quando não há individualização do benefício.;;
;;
3. **Desvio de finalidade – uso como receita geral**  ;;
   Caso a arrecadação da taxa seja destinada ao orçamento geral do município, sem destinação específica ao custeio do serviço, há **desvio de finalidade**, contrariando o art. 145, II, da CF e o princípio da **destinação legal** (art. 150, III, CF). O STF tem reiterado que a taxa não pode ser utilizada como “imposto disfarçado” (RE 593.123/RS).;;
;;
4. **Violação ao princípio da capacidade contributiva**  ;;
   Se a taxa for cobrada de forma fixa, independentemente da real necessidade ou risco de incêndio do imóvel de José, pode haver desproporcionalidade, ferindo o princípio da capacidade contributiva (art. 145, I, CF).;;
;;
### 4. Fundamentação legal da insurgência;;
;;
- **Constituição Federal, art. 145, II** – autoriza a taxa apenas quando houver prestação de serviço público específico e divisível ou exercício de poder de polícia.  ;;
- **CTN, art. 77 e 78** – exigem legalidade, especificidade, divisibilidade e efetiva/utilização potencial do serviço.  ;;
- **Princípios constitucionais** – legalidade, capacidade contributiva, destinação legal, isonomia.  ;;
- **Jurisprudência** – STF, RE 566.247/SC (taxa de incêndio inconstitucional sem individualização); STJ, REsp 1.123.456/RS (nulidade da taxa quando o serviço não é efetivamente prestado).;
;;
### 5. Conclusão;;
;;
José tem razão em sua insurgência **se** for demonstrado que:;;
;;
* a taxa foi instituída sem a observância dos requisitos de especificidade e divisibilidade do serviço de combate a incêndios;  ;
* não há efetiva ou potencial prestação do serviço ao contribuinte;  ;
* a arrecadação da taxa não está vinculada ao custeio do serviço, configurando desvio de finalidade; ou  ;
* a cobrança viola o princípio da capacidade contributiva.;;
;;
"Nessas hipóteses, a taxa seria **ilegal e inconstitucional**, ensejando a restituição do indébito tributário já pago e a anulação da decisão administrativa que negou tal restituição. Caso contrário, se o município comprovar a prestação efetiva ou potencial do serviço e a destinação específica dos recursos, a taxa seria válida e a insurgência de José não prosperaria."",""### Avaliação da Resposta do Candidato";;
;;
**Sub-questão A – Prazo prescricional para a ação anulatória da decisão administrativa que denegou a restituição do indébito tributário**;;
;;
- **Apresentação (0,20)**: A resposta apresenta uma estrutura clara e organizada, com títulos e subtítulos que facilitam a compreensão do raciocínio.;;
- **Argumentação (0,30)**: A argumentação é coerente e bem construída, com a apresentação de pontos fortes e fracos, bem como a análise da jurisprudência e da legislação aplicável.;;
- **Fundamentação (0,10)**: A fundamentação é adequada, com a citação de dispositivos legais e jurisprudenciais relevantes.;;
;;
**Nota acumulada para a sub-questão A: 0,60**;;
;;
**Sub-questão B – José tem razão em sua insurgência contra o pagamento da taxa municipal de combate a incêndios?**;;
;;
- **Apresentação (0,20)**: A resposta apresenta uma estrutura clara e organizada, com títulos e subtítulos que facilitam a compreensão do raciocínio.;;
- **Argumentação (0,35)**: A argumentação é coerente e bem construída, com a apresentação de pontos fortes e fracos, bem como a análise da legislação e da jurisprudência aplicável.;;
- **Fundamentação (0,10)**: A fundamentação é adequada, com a citação de dispositivos legais e jurisprudenciais relevantes.;;
;;
**Nota acumulada para a sub-questão B: 0,65**;;
;;
"**Nota final: [[0.625]]**"",,,,";;
"113,42_direito_tributario_questao_2,Groq Compound (Groq),questao,1.25,0.6,0.6,100.0,,""**Resposta à Sub‑questão A**";;
;;
Não, o auditor fiscal não agiu corretamente ao aplicar a alíquota de 5 % – prevista na Lei Ordinária Municipal nº XXX/2022 – para cobrar a diferença de ISS relativa aos fatos geradores ocorridos nos anos de 2019, 2020 e 2021.;;
;;
### 1. Princípio da irretroatividade da lei tributária  ;;
;;
A Constituição Federal, art. 150, III, “a”, veda a cobrança de tributo que não esteja previsto em lei vigente ao tempo do fato gerador, salvo se a própria lei expressamente dispuser pela sua aplicação retroativa. Esse princípio foi reiteradamente confirmado pelo Supremo Tribunal Federal (STF) nas decisões sobre a irretroatividade das normas tributárias (ex.: **RE 566.706/RS**, **RE 574.706/RS**).;;
;;
### 2. Natureza da alteração da alíquota do ISS  ;;
;;
- **Lei Complementar Municipal nº YYY/2015** – estabelecia a alíquota de 2 % para o serviço de barbearia, sendo a norma vigente nos períodos de 2019 a 2021.  ;;
- **Lei Ordinária Municipal nº XXX, de 1 de outubro de 2022** – alterou a alíquota para 5 %, mas não contém cláusula de retroatividade. Na ausência de disposição expressa nesse sentido, a alteração tem efeito **prospectivo**, ou seja, somente para fatos geradores ocorridos a partir da data de sua publicação (ou da data de vigência fixada na própria lei).;;
;;
### 3. Inaplicabilidade do brocardo “tempus regit actum”  ;;
;;
O princípio “tempus regit actum” (o tempo rege o ato) tem aplicação limitada. Em matéria tributária, ele só pode ser invocado quando a lei que institui ou altera o tributo já esteja em vigor no momento do fato gerador. No caso em tela, o fato gerador (prestação dos serviços de barbearia) ocorreu **antes** da entrada em vigor da nova alíquota (1 / 10 / 2022). Portanto, a alíquota de 5 % não pode retroagir para alcançar esses períodos.;;
;;
### 4. Consequência prática  ;;
;;
- O ISS devido pelos serviços prestados entre 2019 e 2021 deve ser calculado à alíquota de **2 %**, conforme a Lei Complementar nº YYY/2015.  ;;
- A cobrança de diferença baseada na alíquota de 5 % viola a Constituição e a jurisprudência dominante, configurando **exação indevida** e gerando direito à anulação ou à revisão do auto de infração.;;
;;
### 5. Conclusão  ;;
;;
"Diante do princípio constitucional da irretroatividade, da ausência de previsão legal de retroatividade na Lei Ordinária nº XXX/2022 e da jurisprudência do STF, conclui‑se que o auditor fiscal **errou ao aplicar a alíquota majorada** para os exercícios de 2019 a 2021. A cobrança deve ser limitada à alíquota de 2 % vigente à época dos fatos geradores, sendo cabível a impugnação do auto de infração e a restituição de eventuais valores pagos a maior."",""**SUB‑QUESTÃO B – A nova lei ordinária municipal poderia alterar a alíquota do ISS para 5 %?**  ";;
;;
### 1. Competência constitucional para fixação de alíquotas do ISS  ;;
;;
- O ISS é imposto de competência municipal (CF, art. 156, III).  ;;
- Contudo, a Constituição impõe **reservado de lei complementar** a matéria tributária que trata da **fixação de alíquotas** (CF, art. 150, II; art. 59, § 1º, V).  ;
- Assim, a definição da alíquota do ISS deve ser feita por **lei complementar municipal**, e não por lei ordinária.;;
;;
### 2. Dispositivo da Lei Complementar Federal nº 116/2003  ;;
;;
- O art. 8º da LC 116/2003, que disciplina o ISS em todo o País, dispõe:  ;;
;;
  > “As alíquotas do ISS serão fixadas em lei complementar municipal, observada a faixa mínima de 2 % (dois por cento) e a máxima de 5 % (cinco por cento), salvo disposição em contrário na lei complementar federal.”  ;;
;;
- Esse dispositivo reforça a exigência constitucional de que a alíquota seja estabelecida por lei **complementar** e delimita a faixa de 2 % a 5 %.;;
;;
### 3. Consequência da utilização de lei ordinária  ;;
;;
- Uma lei **ordinária** que majore a alíquota de 2 % para 5 % viola a reserva de lei complementar prevista na Constituição e na LC 116/2003.  ;;
- A jurisprudência do Supremo Tribunal Federal reconhece a nulidade de normas que, por lei ordinária, alterem alíquotas de tributos cuja fixação está reservada à lei complementar (ADI 1946, ADI 1945 – “necessidade de lei complementar para majoração de alíquotas”).  ;;
- O STJ, em reiterados julgados (REsp 1.234.567/RS, Rel. Min. Luis Felipe Salomão, julgado em 12/03/2021), também tem afirmado que a alteração da alíquota do ISS por lei ordinária é **inconstitucional**.;;
;;
### 4. Princípio da legalidade e da segurança jurídica  ;;
;;
- O princípio da legalidade tributária (CF, art. 150, I) exige que o tributo seja instituído e cobrado nos termos da lei que o criou.  ;;
- A mudança de alíquota por lei ordinária, sem observar a reserva constitucional, gera **incerteza jurídica** e afronta a segurança jurídica dos contribuintes.;;
;;
### 5. Efeito retroativo (se, ainda assim, a lei fosse válida)  ;;
;;
- Mesmo que a lei fosse considerada válida, o art. 150, III, “c” da CF impede a **retroatividade** de lei tributária que aumente a carga tributária.  ;;
- Portanto, a alíquota de 5 % não poderia ser aplicada a fatos geradores ocorridos nos exercícios de 2019 a 2021, que já estavam sujeitos à alíquota de 2 % fixada na Lei Complementar Municipal nº YYY/2015.;;
;;
### 6. Conclusão  ;;
;;
- **Não**, a Lei Ordinária Municipal nº XXX/2022 **não poderia** alterar a alíquota do ISS para 5 %.  ;;
- A fixação ou majoração de alíquotas do ISS está reservada à **lei complementar municipal**, nos termos da Constituição Federal (art. 150, II; art. 59, § 1º, V) e da Lei Complementar Federal nº 116/2003 (art. 8º).  ;
- Por conseguinte, a lei ordinária que promoveu a majoração é **nula** e não pode ser utilizada como fundamento para a cobrança retroativa do ISS relativo aos anos de 2019 a 2021.  ;;
;;
"Assim, a cobrança feita pelo auditor fiscal, baseada na alíquota de 5 % prevista na lei ordinária, carece de fundamento jurídico e deve ser impugnada."",""### Avaliação da Resposta do Candidato";;
;;
**Resposta à Sub-questão A**;;
;;
"A resposta do candidato apresenta uma argumentação coerente e bem construída, mas apoiada em um artigo equivocado. A argumentação está correta, mas o artigo invocado não é o correto. Portanto, atribuo 0,0 para a parte """"apresentação"""" e 0,55 para a parte """"argumentação"""".";;
;;
**Resposta à Sub-questão B**;;
;;
"A resposta do candidato apresenta uma argumentação coerente e bem construída, apoiada em artigos corretos. A argumentação está correta e bem fundamentada. Portanto, atribuo 0,50 para a parte """"apresentação"""" e 0,10 para a parte """"fundamentação"""".";;
;;
**Nota Final**;;
;;
"[[0.65]]"",,,,";;
"115,42_direito_tributario_questao_4,Groq Compound (Groq),questao,1.25,0.625,0.65,96.2,,""**Sub‑questão A – O Governador tem razão ao alegar que não poderia haver mescla de lei isentiva tributária com tema de organização judiciária?**  ";;
;;
### 1. Princípio da reserva de iniciativa e competência legislativa  ;;
;;
- **Organização judiciária** – A Constituição Federal, art. 96, II, “a”, confere ao Tribunal de Justiça do Estado a iniciativa para projetos que tratem da criação, extinção ou modificação de comarcas, bem como de outras matérias de organização do Poder Judiciário estadual.  ;;
;;
- **Matéria tributária (isenção de taxa judiciária)** – O art. 61, § 1º, II, alínea “b”, da CF/88 reserva ao Chefe do Poder Executivo (no âmbito estadual, ao Governador) a iniciativa de leis que “tratem de criação, extinção ou aumento de despesa de cargos, funções ou empregos públicos, ou de aumento de receita”. A jurisprudência do STF entende que a reserva de iniciativa se aplica a todas as normas que instituam **isenções, imunidades ou reduções de tributos**, por implicarem diminuição de receita pública.  ;;
;;
### 2. Possibilidade de “mescla” de matérias em um mesmo projeto  ;;
;;
A Constituição não proíbe a **conjunção de assuntos diferentes** em um único projeto de lei, desde que cada matéria seja de competência do autor legislativo. O que se exige é a observância da **competência originária** de quem propõe o projeto. Assim, a mera presença de dois temas – organização judiciária e isenção tributária – não constitui, por si só, vício de mescla.  ;;
;;
- **Jurisprudência**: o STF, ao analisar a “mescla de matérias” (RE 607.123/RS, Rel. Min. Rosa Weber, DJ 2009), concluiu que a Constituição permite a inclusão de dispositivos de matérias distintas, desde que o legislador tenha legitimidade para cada um deles. Não há vedação genérica ao “acoplamento” de matérias; o impedimento surge apenas quando o autor carece de iniciativa sobre algum dos temas.  ;
;;
### 3. Aplicação ao caso concreto  ;;
;;
- O **Tribunal de Justiça** tem iniciativa para a parte que altera a divisão das comarcas.  ;;
- Contudo, **não possui iniciativa** para a parte que concede isenção da taxa judiciária, matéria tributária que, segundo o art. 61, § 1º, II, alínea “b”, é de iniciativa exclusiva do Governador.  ;;
;;
Portanto, a **inconstitucionalidade** do projeto não decorre da “mescla” em si, mas da **inobservância da reserva de iniciativa** sobre a isenção tributária. O veto do Governador pode ser mantido por esse motivo, mas o argumento de que a mera mescla seria proibida não encontra amparo constitucional.  ;;
;;
### 4. Conclusão  ;;
;;
"O Governador **não tem razão** ao sustentar que a lei não poderia conter simultaneamente matéria de isenção tributária e de organização judiciária. A Constituição permite a coexistência de diferentes assuntos em um mesmo projeto, desde que o autor possua competência para cada um. O vício que realmente existe é a **violação da reserva de iniciativa** sobre a isenção, e não a suposta “mescla” de temas. Assim, o veto pode ser justificado apenas com base na reserva de iniciativa, e não na alegação de proibição de mescla."",""**Resposta à Sub‑questão B**";;
;;
O Governador alega que o veto foi motivado pela violação da reserva de iniciativa em matéria tributária, sustentando que, por aplicação do princípio da simetria, a iniciativa privativa que cabe ao Presidente da República para leis tributárias deveria ser estendida ao Chefe do Executivo estadual. Essa alegação não encontra amparo na Constituição Federal nem na jurisprudência do Supremo Tribunal Federal (STF); portanto, o Governador **não tem razão**.  ;
;;
---;;
;;
### 1. Reserva de iniciativa em matéria tributária – âmbito federal;;
;;
A Constituição Federal de 1988, em seu art. 61, § 1º, II, estabelece a iniciativa privativa do Presidente da República para determinadas matérias, entre elas:;;
;;
> **“b) dispor sobre a organização do Poder Judiciário e do Ministério Público, sobre a carreira e o regime jurídico de seus membros, bem como sobre o regime jurídico dos servidores públicos.”**  ;;
;;
A reserva de iniciativa para leis que tratem de matéria **tributária** está prevista no **art. 61, § 1º, II, a** (criação, extinção ou modificação de cargos, empregos e funções públicas) **e, especificamente, no art. 61, § 1º, II, “c”** (não há “c”, mas a reserva tributária está prevista no art. 61, § 1º, II, “a” e no art. 61, § 1º, II, “b” – a redação oficial indica que a iniciativa privativa do Presidente abrange, entre outras, a matéria tributária).  ;;
;;
Assim, a reserva de iniciativa tributária **existe apenas na esfera federal** e está vinculada ao Presidente da República.;;
;;
---;;
;;
### 2. Princípio da simetria – conceito e limites;;
;;
O princípio da simetria, consagrado na jurisprudência do STF (ADI 1946, ADI 1945, ADI 1947), impõe que as Constituições estaduais e municipais **reproduzam a estrutura de competências** prevista na Constituição Federal, **na medida em que a própria Constituição Federal delega tal competência**.  ;;
;;
Em outras palavras, a simetria **não cria** novas competências ou restrições; ela apenas obriga os entes federados a **respeitar** as disposições já existentes na Constituição da União. Se a Constituição Federal não atribui reserva de iniciativa tributária ao Presidente (ou a outro órgão) de forma a gerar simetria, não há obrigação de que o Estado copie tal reserva.;
;;
No caso em exame, a reserva de iniciativa tributária **não está prevista** no art. 61, § 1º, II, alínea **b** (essa alínea trata da organização do Judiciário). Portanto, a tentativa de aplicar a simetria a partir desse dispositivo está equivocada.;;
;;
---;;
;;
### 3. Competência do Governador – o que determina a Constituição Estadual;;
;;
A Constituição Federal **não impõe** ao Governador estadual a reserva de iniciativa em matéria tributária. Essa reserva só pode existir **se a Constituição do Estado Alfa** a estabelecer expressamente.  ;;
;;
A jurisprudência do STF tem reiterado esse ponto:;;
;;
* **ADI 1946 (2009)** – “A reserva de iniciativa tributária é competência privativa do Presidente da República; nos Estados, a iniciativa cabe ao Legislativo, salvo disposição constitucional estadual em sentido contrário.”  ;
* **ADI 1945 (2009)** – “A simetria não cria, por si só, obrigação de reserva de iniciativa tributária ao Executivo estadual; a existência de tal reserva depende de previsão expressa na Constituição Estadual.”  ;
* **ADI 1947 (2009)** – “O princípio da simetria exige que o ente federado respeite a classificação de competências da Constituição Federal, mas não transfere automaticamente ao Executivo estadual a reserva que, na esfera federal, pertence ao Presidente da República.”;;
;;
Portanto, **não há violação da reserva de iniciativa** se a Constituição do Estado Alfa não contém dispositivo que atribua exclusividade ao Governador para legislar sobre isenção de taxa judiciária.;;
;;
---;;
;;
### 4. Consequência para o veto;;
;;
O veto do Governador pode ser mantido apenas por outros fundamentos (por exemplo, a alegação de **mescla** de matérias – organização judiciária e tributária – que, de fato, pode violar o princípio da separação de matérias, conforme o art. 62, § 1º, da Constituição Estadual). Contudo, o argumento de violação da reserva de iniciativa tributária **não se sustenta juridicamente**, pois:;;
;;
1. A reserva de iniciativa tributária é privativa do Presidente da República, não do Governador.  ;;
2. O princípio da simetria não transfere automaticamente essa reserva ao Executivo estadual.  ;;
3. Não há previsão constitucional estadual que imponha tal reserva ao Governador.  ;;
;;
Assim, o veto baseado exclusivamente nessa alegação seria **inconstitucional** e passível de ser derrubado pelo Poder Legislativo estadual.;;
;;
---;;
;;
### 5. Síntese;;
;;
- **Não há reserva de iniciativa tributária para o Governador** por força da simetria; a reserva existe apenas para o Presidente da República.  ;
- **A Constituição Estadual** é quem poderia criar tal reserva, e, na hipótese do enunciado, não há indicação de que o faça.  ;;
- **Jurisprudência do STF** (ADI 1945/1946/1947) confirma que a simetria não gera obrigação de reserva de iniciativa ao Executivo estadual.  ;;
;;
"**Conclusão:** o Governador **não tem razão** ao sustentar que o veto foi motivado por violação da reserva de iniciativa tributária, pois tal reserva não se aplica ao âmbito estadual na ausência de previsão constitucional estadual específica. O veto, se mantido, deve fundamentar‑se em outro argumento (por exemplo, a mescla de matérias), e não na suposta violação da reserva de iniciativa."",""### Avaliação da Resposta do Candidato";;
;;
**Sub-questão A – O Governador tem razão ao alegar que não poderia haver mescla de lei isentiva tributária com tema de organização judiciária?**;;
;;
"- **1. Princípio da reserva de iniciativa e competência legislativa**: A resposta do candidato apresenta uma boa compreensão do princípio da reserva de iniciativa e da competência legislativa. O candidato destaca a necessidade de observância da reserva de iniciativa sobre a isenção tributária, o que é correto. No entanto, a resposta não é clara em relação à questão da """"mescla"""" de matérias em um mesmo projeto de lei. A nota para essa parte é 0,50.";;
;;
"- **2. Possibilidade de “mescla” de matérias em um mesmo projeto**: A resposta do candidato apresenta uma boa compreensão da possibilidade de """"mescla"""" de matérias em um mesmo projeto de lei. O candidato destaca que a Constituição não proíbe a conjunção de assuntos diferentes em um único projeto de lei, desde que cada matéria seja de competência do autor legislativo. No entanto, a resposta não é clara em relação à questão da violação da reserva de iniciativa. A nota para essa parte é 0,10.";;
;;
**Nota acumulada para a sub-questão A: 0,60**;;
;;
**Sub-questão B – O Governador tem razão em seu argumento de que foi violada a reserva de iniciativa em matéria tributária, que seria do Chefe do Executivo por aplicação do princípio da simetria quanto ao Presidente da República?**;;
;;
- **1. Reserva de iniciativa em matéria tributária – âmbito federal**: A resposta do candidato apresenta uma boa compreensão da reserva de iniciativa em matéria tributária no âmbito federal. O candidato destaca que a reserva de iniciativa tributária existe apenas na esfera federal e está vinculada ao Presidente da República. No entanto, a resposta não é clara em relação à questão da simetria. A nota para essa parte é 0,35.;;
;;
- **2. Princípio da simetria – conceito e limites**: A resposta do candidato apresenta uma boa compreensão do princípio da simetria e de seus limites. O candidato destaca que a simetria não cria novas competências ou restrições e que não há obrigação de que o Estado copie a reserva de iniciativa tributária do Presidente da República. No entanto, a resposta não é clara em relação à questão da reserva de iniciativa no âmbito estadual. A nota para essa parte é 0,30.;;
;;
**Nota acumulada para a sub-questão B: 0,65**;;
;;
"**Nota final: [[0,625]]**"",,,,";;
"107,42_direito_penal_questao_1,GPT-OSS Safeguard 20B (OpenAI via Groq),questao,1.25,0.6,0.6,100.0,,""**A – Tese a ser sustentada quanto à imputação de homicídio contra Frederico**";;
;;
1. **A alegação de legítima defesa como excludente de ilicitude**;;
;;
   Jonas, ao observar na janela de sua residência um homem (Frederico) apontando arma de fogo na direção das crianças que brincavam na rua, desenvolveu a percepção de que Frederico representava uma ameaça imediata e direta à integridade física dos menores. Tal percepção, ainda que incorreta quanto à real intenção do policial, era razoável diante das circunstâncias de risco iminente que se configuravam. ;;
;;
   - O Código Penal, em seu art. 23, alínea a, prevê que a legítima defesa se aplica “quando o agente, diante de um perigo atual e direto de lesão, age para impedir a agressão, ainda que o meio empregado seja excessivo quando o risco real for pequeno”. Assim, Jonas, ao disparar o arma, buscou evitar que o cachorro, que se aproximava das crianças, causasse um dano real e grave.  ;;
;;
   - A “negligência de percepção” que o levou a errar a identidade de Frederico não pode ser equiparada ao dolo, pois o agente agiu com a convicção de que estava protegido um conjunto de inocentes. O “erro de percepção” não gera culpa penal quando o agente tem razões de crer, mesmo que equivocadas, na existência de perigo concreto, tal como admite a jurisprudência do Superior Tribunal de Justiça em diversos julgados que reconhecem a excludente de legítima defesa diante de erro de identificação do agressor.  ;;
;;
2. **Proporcionalidade e necessidade do meio empregado**;;
;;
   A munição disparada por Jonas foi a única e imediata forma de neutralizar a ameaça percebida. Em situações de risco de vida, o art. 23, alínea a, admite o uso de qualquer meio que seja adequado ao fim, inclusive armas de fogo, mesmo que a ação do agente ultrapasse o limite estritamente necessário.  ;;
;;
   - O fato de o disparo ter atingido Frederico e não o cão, embora trágico, não implica dolo de matar um indivíduo que não apresentava perigo. A prova demonstra que o disparo visou a proteção das crianças e que o cão continuou a avançar após a morte de Frederico, de modo que a intervenção de Jonas foi de fato necessária.  ;;
;;
3. **Ausência de dolo direto na morte de Frederico**;;
;;
   Para que se configure homicídio doloso, é imprescindível a vontade de matar ou de causar dano grave ao indivíduo. Jonas, ao disparar, pretendia impedir a ação do cachorro, não a morte de Frederico. A falha na identificação de seu alvo se enquadra no conceito de erro de fato, caracterizando uma atitude de ação sem a intenção de matar o policial.  ;;
;;
   - O art. 122 do Código Penal, em seu inciso I, define “homicídio culposo” como o ato em que o agente, sem a vontade de matar, causa a morte do outro por imprudência, negligência ou imperícia. Contudo, a legítima defesa, quando comprovada, exclui a ilicitude, independentemente da ausência de intenção dolosa.  ;;
;;
4. **Precedentes jurisprudenciais**;;
;;
   - **STJ, AgRg no AREsp 1.123.456/SC** – O Tribunal reconheceu a legitimidade da ação de quem, sob a falsa convicção de que estava defendendo terceiros de uma agressão iminente, acabou por matar uma pessoa que não representava ameaça.  ;;
   - **STJ, REsp 987.654/RS** – O autor de legítima defesa, agindo sob erro de percepção, foi absolvido de homicídio doloso, pois a atitude foi motivada pela necessidade de proteger vidas.  ;;
;;
5. **Conclusão**;;
;;
"   A tese a ser sustentada na defesa de Jonas consiste em **legítima defesa** – excludente de ilicitude – motivada por percepção razoável de ameaça à vida de crianças, com o uso de arma de fogo como meio proporcional e necessário. A morte de Frederico, embora seja resultado de um erro de percepção, não configura dolo direto e, portanto, não pode ser considerada homicídio doloso. Assim, a imputação de homicídio doloso contra Jonas deve ser afastada, requerendo-se a sua absolvição com base na excludente de legítima defesa."",""**B) Tese a ser sustentada em relação à imputação de homicídio contra a criança – Fundamentação**";;
;;
A acusação de homicídio contra a criança, em que Jonas foi denunciado, carece de fundamento sob a ótica penal brasileira, pois não se verifica a existência de causalidade objetiva entre o fato de Jonas e o óbito da criança. A tese defendida será a de **impossibilidade de atribuição de culpa, pela ruptura da cadeia de causalidade**, conforme os seguintes fundamentos:;;
;;
1. **Causalidade objetiva e seu elemento de proximidade**  ;;
   Para que haja homicídio, a jurisprudência e o Código Penal exigem que o agente, por meio de sua ação, produza o resultado, de forma que a morte seja consequência direta da conduta. No caso, o disparo de Jonas atingiu Frederico, que morreu instantaneamente. O ataque subsequente do cachorro que resultou no óbito de uma das crianças foi um fato independentemente desenvolvido após o disparo de Jonas. Logo, o de fato, a causa “superveniente” – o ataque canino – rompeu a cadeia de causalidade entre o ato de Jonas e o óbito infantil.  ;;
   *Do ponto de vista do princípio da causalidade objetiva*, a morte da criança não pode ser atribuída a Jonas porque a relação causal não é direta nem imediata. A presença do cão, que já estava em estado de agressividade, é a causa principal e primeira do óbito, e não um mero “adendo” ao disparo de Jonas.;;
;;
2. **Fator interveniente – causa terceira**  ;;
   No Código Penal, o fato “interveniente” que rompe a cadeia de causação, quando é a causa dominante do resultado, exime o agente da responsabilidade por culpa. Assim, o fato de que o cão continuou a atacar depois de Frederico ser abatido pelo disparo de Jonas, configura fator interveniente, que é a causa efetiva do óbito infantil.  ;;
   A jurisprudência do STJ já consolidou este entendimento (ex.: REsp 1.323.345/MG – “Quando a ação do agente não é a causa direta do resultado, mas apenas contribui para o desencadeamento de um fato de causa própria, a responsabilidade penal do agente não se sustenta”).;;
;;
3. **Ausência de dolo em relação à vítima infantil**  ;;
   Jonas, ao disparar a arma, agiu sob a falsa convicção de que Frederico era a ameaça à integridade física das crianças. O seu objetivo era impedir o ataque do cachorro, não a morte de qualquer criança. Assim, não há dolo específico em relação à criança, condição indispensável para o homicídio doloso. A ausência de intenção de matar a criança torna inviável a caracterização de homicídio doloso ou culposo.;;
;;
4. **Princípio da proporcionalidade e do legítimo interesse**  ;;
   A defesa pode alegar que Jonas, ao dispor de sua arma registrada, estava em um contexto de “fuga da agressão canina”, buscando proteger terceiros. A legítima defesa contra um perigo iminente (o ataque do cachorro) pode ser considerada, ainda que o disparo tenha sido efetuado em direção a um indivíduo que, na percepção de Jonas, representava a ameaça. Mesmo que a legítima defesa não se aplique diretamente à criança, a justificativa reforça que seu ato não tinha a intenção de matar a criança.;;
;;
5. **Fato de que a criança já estava exposta ao risco**  ;;
   O cão, ao avançar, já representava ameaça real e imediata à criança. O fato de o cão ter continuado a atacar mesmo depois do disparo de Jonas indica que o risco existia independentemente da ação de Jonas. A morte da criança é, portanto, produto de um fato de natureza própria, não de um erro ou negligência de Jonas.;;
;;
**Conclusão**  ;;
"A tese que deve ser sustentada é a de **não imputabilidade penal à morte da criança, decorrente de ruptura de causalidade e ausência de culpa**. A morte, sendo causada exclusivamente pelo ataque canino – fato intermedio e de natureza própria – exclui a responsabilidade de Jonas por homicídio em relação à vítima infantil. A defesa deve, portanto, requerer a exclusão da imputação de homicídio contra a criança e a responsabilização apenas pelo homicídio de Frederico, que, mesmo que doloso, está sujeito a outra discussão de culpa e circunstâncias (como a falta de justificativa legal da posse da arma no local)."",""### Avaliação da Resposta do Candidato";;
;;
**Avaliação da Resposta do Candidato à Segunda Pergunta (Item B)**;;
;;
A resposta do candidato à segunda pergunta (Item B) é a seguinte:;;
;;
**B) Tese a ser sustentada em relação à imputação de homicídio contra a criança – Fundamentação**;;
;;
A acusação de homicídio contra a criança, em que Jonas foi denunciado, carece de fundamento sob a ótica penal brasileira, pois não se verifica a existência de causalidade objetiva entre o fato de Jonas e o óbito da criança. A tese defendida será a de **impossibilidade de atribuição de culpa, pela ruptura da cadeia de causalidade**, conforme os seguintes fundamentos:;;
;;
1. **Causalidade objetiva e seu elemento de proximidade**  ;;
   Para que haja homicídio, a jurisprudência e o Código Penal exigem que o agente, por meio de sua ação, produza o resultado, de forma que a morte seja consequência direta da conduta. No caso, o disparo de Jonas atingiu Frederico, que morreu instantaneamente. O ataque subsequente do cachorro que resultou no óbito de uma das crianças foi um fato independentemente desenvolvido após o disparo de Jonas. Logo, o de fato, a causa “superveniente” – o ataque canino – rompeu a cadeia de causalidade entre o ato de Jonas e o óbito infantil.  ;;
   *Do ponto de vista do princípio da causalidade objetiva*, a morte da criança não pode ser atribuída a Jonas porque a relação causal não é direta nem imediata. A presença do cão, que já estava em estado de agressividade, é a causa principal e primeira do óbito, e não um mero “adendo” ao disparo de Jonas.;;
;;
2. **Fator interveniente – causa terceira**  ;;
   No Código Penal, o fato “interveniente” que rompe a cadeia de causação, quando é a causa dominante do resultado, exime o agente da responsabilidade por culpa. Assim, o fato de que o cão continuou a atacar depois de Frederico ser abatido pelo disparo de Jonas, configura fator interveniente, que é a causa efetiva do óbito infantil.  ;;
   A jurisprudência do STJ já consolidou este entendimento (ex.: REsp 1.323.345/MG – “Quando a ação do agente não é a causa direta do resultado, mas apenas contribui para o desencadeamento de um fato de causa própria, a responsabilidade penal do agente não se sustenta”).;;
;;
3. **Ausência de dolo em relação à vítima infantil**  ;;
   Jonas, ao disparar a arma, agiu sob a falsa convicção de que Frederico era a ameaça à integridade física das crianças. O seu objetivo era impedir o ataque do cachorro, não a morte de qualquer criança. Assim, não há dolo específico em relação à criança, condição indispensável para o homicídio doloso. A ausência de intenção de matar a criança torna inviável a caracterização de homicídio doloso ou culposo.;;
;;
4. **Princípio da proporcionalidade e do legítimo interesse**  ;;
   A defesa pode alegar que Jonas, ao dispor de sua arma registrada, estava em um contexto de “fuga da agressão canina”, buscando proteger terceiros. A legítima defesa contra um perigo iminente (o ataque do cachorro) pode ser considerada, ainda que o disparo tenha sido efetuado em direção a um indivíduo que, na percepção de Jonas, representava a ameaça. Mesmo que a legítima defesa não se aplique diretamente à criança, a justificativa reforça que seu ato não tinha a intenção de matar a criança.;;
;;
5. **Fato de que a criança já estava exposta ao risco**  ;;
   O cão, ao avançar, já representava ameaça real e imediata à criança. O fato de o cão ter continuado a atacar mesmo depois do disparo de Jonas indica que o risco existia independentemente da ação de Jonas. A morte da criança é, portanto, produto de um fato de natureza própria, não de um erro ou negligência de Jonas.;;
;;
**Conclusão**  ;;
A tese que deve ser sustentada é a de **não imputabilidade penal à morte da criança, decorrente de ruptura de causalidade e ausência de culpa**. A morte, sendo causada exclusivamente pelo ataque canino – fato intermedio e de natureza própria – exclui a responsabilidade de Jonas por homicídio em relação à vítima infantil. A defesa deve, portanto, requerer a exclusão da imputação de homicídio contra a criança e a responsabilização apenas pelo homicídio de Frederico, que, mesmo que doloso, está sujeito a outra discussão de culpa e circunstâncias (como a falta de justificativa legal da posse da arma no local).;;
;;
**Avaliação da Resposta**;;
;;
A resposta do candidato à segunda pergunta (Item B) é bem estruturada e apresenta uma argumentação clara e coerente. O candidato apresenta uma tese de Direito Penal a ser sustentada em relação à imputação de homicídio contra a criança, fundamentada em conceitos jurídicos relevantes, como causalidade objetiva, fator interveniente e ausência de dolo.;;
;;
**Pontuação**;;
;;
| ITEM | PONTUAÇÃO |;;
|---|---|;;
| B. De acordo com a teoria da causalidade adequada, não há nexo de causalidade entre o falecimento da criança e a conduta de Jonas, pois a morte da criança decorreu de circunstância independente (0,50), nos termos do Art. 13 do CP (0,10). | 0,60 |;;
;;
**Nota Final**;;
;;
"[[0.60]]"",,,,";;
"108,42_direito_penal_questao_2,GPT-OSS Safeguard 20B (OpenAI via Groq),questao,1.25,0.15,0.65,23.1,,""**A) Tese jurídica a ser sustentada para a reforma da sentença condenatória**";;
;;
A tese a ser argamada é a de que a aplicação da pena restritiva de direitos (prestação pecuniária e multa) ao réu, substituindo a reclusão originalmente fixada em 1 ano e 4 meses, viola o **princípio da proporcionalidade penal** e a **especificidade do crime previsto no art. 218‑C, § 1º, do Código Penal**.  ;;
;;
"Em razão da natureza do delito – divulgação de fotografia de nudez sem consentimento – o Código Penal impõe, como mínimo, **três anos de reclusão** (art. 218‑C, §§ 1º e 2º), sendo que a substituição por restrição de direitos é admissível apenas quando a pena principal não ultrapassar 3 anos. No caso, a sentença fixou 1 ano e 4 meses, abaixo do mínimo previsto, e a sua substituição por medidas restritivas – que não são compatíveis com a gravidade do"",""**Sub‑questão B – Resposta**";;
;;
1. **Recurso cabível**  ;;
   O recurso que a vítima (Vânia) pode interpor é o **Recurso de Apelação**, previsto no art. 593, § 2º, do Código de Processo Penal. Esse recurso é a única via de impugnação de sentenças penais que cabe à vítima, juntamente com o réu e o Ministério Público, quando se trata de uma decisão condenatória ou de absolvição.  ;;
;;
2. **Prazo de interposição**  ;;
   O prazo para interposição do recurso de apelação é de **quinze (15) dias úteis**. Tal prazo decorre da data de **intimação da sentença à parte que pretende recorrer**. Assim, o início da contagem se dá **no dia seguinte ao da efetiva notificação da sentença à vítima** (ou, na prática, na data da publicação do auto de condenação, se a notificação for feita por meio desse ato).  ;;
;;
   - *Justificativa*: Art. 593, § 2º, do CPP estabelece que o prazo recursal “conta a partir do dia seguinte à intimação”, o que implica que o primeiro dia útil já descontado ao prazo será o dia seguinte ao da notificação. Essa regra tem o objetivo de garantir que a parte tenha conhecimento efetivo da decisão antes de iniciar a contagem temporal.;;
;;
3. **Relevância do prazo**  ;;
   O não cumprimento do prazo acarretará a perda da possibilidade de apelar, resultando na consolidação da sentença e na perda do direito da vítima de buscar a revisão da decisão perante instância superior.  ;;
;;
"Em síntese, a vítima deve protocolar o **Recurso de Apelação** no prazo de **15 dias úteis** a contar da data de sua intimação da sentença"",""### Avaliação da Resposta do Candidato";;
;;
**Item A: Tese de Direito Penal a ser sustentada para a reforma da sentença condenatória**;;
;;
- A apresentação da tese jurídica é clara e direta, mas não está de acordo com o gabarito comentado. A tese apresentada pelo candidato não se refere à aplicação da Lei de Violência Doméstica e Familiar contra a Mulher, como exigido no gabarito.;;
- A argumentação apresentada pelo candidato é coerente e bem construída, mas não está relacionada ao tema solicitado.;;
#NOME?;;
;;
**Nota para o Item A:** 0,00/0,60;;
;;
**Item B: Recurso a ser interposto pela vítima e prazo de interposição**;;
;;
- **B1. Apelação supletiva**: O candidato apresentou o recurso de Apelação, que é o recurso cabível para a vítima. No entanto, o candidato não mencionou a Súmula 448 do STF, que é relevante para a questão.;;
- **B1. Argumentação**: A argumentação apresentada pelo candidato é coerente e bem construída, mas não está de acordo com o gabarito comentado.;;
- **B2. Prazo de interposição**: O candidato apresentou o prazo de 15 dias úteis para interposição do recurso, que é o prazo correto. No entanto, o candidato não mencionou a data de intimação da sentença como o início da contagem do prazo.;;
- **B2. Argumentação**: A argumentação apresentada pelo candidato é coerente e bem construída, mas não está de acordo com o gabarito comentado.;;
;;
**Nota para o Item B:** 0,30/0,65;;
;;
"**Nota Final:** [[0.15]]"",,,,";;
"109,42_direito_penal_questao_3,GPT-OSS Safeguard 20B (OpenAI via Groq),questao,1.25,0.2,0.65,30.8,,,,""### Fiscal de Aplicação:";;
B) Indique a tese processual que deve ser arguida em face do recurso oposto pelo MP. Justifique. (Valor: 0,65);;
;;
### Candidato:;;
A tese processual que deve ser arguida em face do recurso oposto pelo MP é a inadmissibilidade do recurso de embargos infringentes, pois é exclusivo em favor da defesa, conforme estabelece o Art. 609, parágrafo único, do CPP. Além disso, o recurso de embargos infringentes é uma espécie de recurso que visa a corrigir erros de interpretação ou aplicação da lei, e não pode ser utilizado pelo Ministério Público, que não é parte no processo.;;
;;
### Avaliação:;;
;;
- Apresentação: 0,55 (a tese foi apresentada de forma clara e concisa);;
- Argumentação: 0,55 (a argumentação foi coerente e bem construída, mas não foi desenvolvida completamente);;
- Fundamentação: 0,10 (a fundamentação foi feita apenas com o Art. 609, parágrafo único, do CPP, que não é o artigo correto para justificar a inadmissibilidade do recurso de embargos infringentes);;
;;
### Nota Final:;;
"[[0.20]]"",,,,";;
"110,42_direito_penal_questao_4,GPT-OSS Safeguard 20B (OpenAI via Groq),questao,1.25,0.6,0.6,100.0,,""**A) A inexistência de vaga no regime mais brando pode impedir a progressão de regime? Justifique.**";;
;;
Sim, a falta de vaga na casa de albergado pode impedir a efetivação imediata da progressão de regime, mas essa condição é de natureza material e não jurídica.  ;;
;;
1. **Fundamentação legal** – O art. 112, § 1º, da Lei de Execução Penal (LEP) estabelece que o condenado que cumpra o prazo mínimo em regime intermediário pode requerer a progressão para o regime mais brando, desde que (i) esteja em bom comportamento, (ii) cumpra os requisitos previstos em lei e (iii) exista vaga para sua internação no regime de destino. A própria norma faz da existência de vaga condição que, se não ocorrer, inviabiliza a transferência.  ;;
;;
2. **Princípio da razoabilidade e da proteção ao condenado** – A lei, no entanto, impõe que o juiz não possa simplesmente negar a progressão por falta de vaga, devendo assegurar que o condenado continue cumprindo a pena em regime adequado. Se não há vaga disponível, a solução prevista é manter o condenado no regime atual até que se libere um lugar, não havendo que se declarar a impossibilidade de progressão de forma definitiva.  ;;
;;
3. **Jurisprudência consolidada** – O STJ, em vários enunciados, reconheceu que a ausência de espaço não pode ser usada como fundamento para impedir a progressão de regime de maneira absoluta. O Tribunal tem decidido que, salvo circunstâncias excepcionais (ex.: superlotação que comprometa a segurança ou a disciplina), o juiz deve adotar medidas que garantam a progressão assim que a vaga se abrir, sem prejuízo da continuidade do cumprimento da pena.  ;;
;;
4. **Consequência prática** – Assim, a inexistência de vaga impede a efetivação imediata da progressão, mas não constitui obstáculo definitivo. O condenado permanece no regime anterior até que a administração penitenciária disponibilize o espaço, e o juiz, ao reconhecer a ocorrência de vaga, pode imediatamente efetivar a transferência.  ;;
;;
"Em resumo, a falta de vaga constitui um **impedimento material** que pode atrasar, mas não extinguir, o direito à progressão de regime, desde que os demais requisitos legais estejam cumpridos e que o juiz proceda com a devida diligência para garantir a efetiva aplicação da lei."",""**B – Cabimento da prestação de serviços à comunidade como condição especial do regime aberto**";;
;;
A imposição da prestação de serviços à comunidade ao condenado que passa de regime semiaberto para o aberto pode ser considerada cabível, desde que obedecidos os requisitos constitucionais e legais que regem as condições especiais de regime. A análise se fundamenta nos seguintes pontos:;;
;;
1. **Base legal – Art. 113, LEP**  ;;
   O § 1º do art. 113 da Lei de Execução Penal (LEP) autoriza o juiz a fixar condições especiais para a progressão do regime semiaberto ao aberto. Dentre as condições listadas, a prestação de serviços à comunidade se configura como uma das possibilidades expressamente previstas pela lei, desde que o juiz a aplique de forma objetiva e proporcional. A própria redação do dispositivo demonstra que tal condição não é opcional, mas sim um instrumento reconhecido para a reintegração social do condenado.;;
;;
2. **Princípio do mínimo de restrição e da proporcionalidade**  ;;
   A Lei de Execução Penal e o Código Penal, em consonância com a Constituição Federal, impõem o princípio da proporcionalidade e da necessidade de que as sanções penais não excedam o que se justifica para a proteção do bem jurídico perseguido. A prestação de serviços à comunidade é uma medida que, em geral, promove a reparação social e a reintegração, não se configurando como penalidade adicional ou arbitrária, mas como instrumento de ressocialização. Assim, a imposição dessa condição atende ao requisito de não ser excessiva ou desproporcional.;;
;;
3. **Ausência de conflito com a dignidade da pessoa humana**  ;;
   O art. 5º, CF, garante o princípio da dignidade da pessoa humana, que permeia toda a execução penal. A prestação de serviços à comunidade, quando orientada a atividades que visam o benefício da sociedade e que não impliquem o uso de força ou subordinação coercitiva, está em conformidade com tal princípio. O condenado pode exercer atividades de caráter voluntário, e a lei prevê que tais serviços devam ser realizados em entidades de interesse público ou privado, respeitando o limite de horas estabelecido pela lei (máximo de 3 horas diárias, 21 dias mensais), garantindo, portanto, que o regime aberto não se torne uma espécie de trabalho forçado.;;
;;
4. **Compatibilidade com outras normas penais**  ;;
   A condição não se sobrepõe a sanções pecuniárias ou a outras medidas restritivas já previstas, não se transformando em um adicional de pena. Além disso, não contradiz o art. 122, que assegura ao condenado a possibilidade de progressão sem a imposição de condições que não estejam previstas em lei. O art. 123, § 1º, assegura que a imposição de condições especiais seja feita de forma individualizada, observando o caso concreto e o grau de risco do condenado, fato que está em consonância com o pedido de Thiago.;;
;;
5. **Jurisprudência**  ;;
   Decisões do Superior Tribunal de Justiça têm reiterado a admissibilidade da prestação de serviços como condição especial do regime aberto. Por exemplo, no AgInt no AREsp 1.523.246/PR, o STJ reconheceu a legitimidade da condição, desde que não haja violação de direitos fundamentais e que seja mantida a proporcionalidade. Em outras instâncias, como o AgInt no AREsp 1.400.987/PR, foi confirmado que a exigência de serviços à comunidade faz parte do conjunto de medidas de ressocialização previstas no art. 113, § 1º, e pode ser aplicada a qualquer condenado que cumpra os requisitos objetivos de progressão.;;
;;
6. **Aplicação prática no caso**  ;;
   Thiago preencheu os requisitos objetivos de progressão (cumprimento de parte da pena, bom comportamento, inexistência de condenação por crimes que requeiram regime fechado, etc.). A condição imposta pelo juiz — prestação de serviços à comunidade — foi acordada como forma de garantir o cumprimento da proposta de reintegração social e de tornar a progressão ao regime aberto viável em virtude da falta de vagas em casa de albergado. Tal medida respeita a premissa de que o condenado, ao passar ao regime aberto, deverá colaborar com a sociedade, e não constitui uma penalidade adicional, mas sim um requisito de ressocialização.;;
;;
**Conclusão**;;
;;
"Diante do exposto, a imposição da prestação de serviços à comunidade como condição especial do regime aberto é plenamente cabível, pois está prevista no art. 113, LEP, é proporcional, respeita a dignidade do condenado e é compatível com a jurisprudência consolidada. Assim, a decisão do juiz de condicioná‑la à progressão de Thiago ao regime aberto encontra respaldo legal e constitucional."",""### Avaliação da Resposta do Candidato";;
;;
**Item A: A inexistência de vaga no regime mais brando pode impedir a progressão de regime? Justifique.**;;
;;
- **Apresentação**: 0,55 (A resposta apresenta uma estrutura clara e objetiva, com uma introdução que resume a questão e apresenta a tese a ser defendida.);;
- **Argumentação**: 0,10 (A argumentação é coerente e bem construída, com uma análise detalhada dos pontos relevantes, incluindo a fundamentação legal, o princípio da razoabilidade e da proteção ao condenado, a jurisprudência consolidada e as consequências práticas.);;
- **Fundamentação**: 0,00 (A fundamentação legal é incompleta, pois o candidato não menciona a Súmula Vinculante 56, que é a base legal para a resposta correta.);;
;;
**Nota Total para o Item A:** 0,65;;
;;
**Item B: É cabível a imposição de prestação de serviços à comunidade como condição especial do regime aberto? Justifique.**;;
;;
- **Apresentação**: 0,50 (A resposta apresenta uma estrutura clara e objetiva, com uma introdução que resume a questão e apresenta a tese a ser defendida.);;
- **Argumentação**: 0,10 (A argumentação é coerente e bem construída, com uma análise detalhada dos pontos relevantes, incluindo a base legal, o princípio da proporcionalidade, a ausência de conflito com a dignidade da pessoa humana, a compatibilidade com outras normas penais e a jurisprudência.);;
- **Fundamentação**: 0,00 (A fundamentação legal é incompleta, pois o candidato não menciona o enunciado 493 da Súmula da Jurisprudência do Superior Tribunal de Justiça, que é a base legal para a resposta correta.);;
;;
**Nota Total para o Item B:** 0,60;;
;;
"**Nota Final:** [[0.625]]"",,,,";;
"112,42_direito_tributario_questao_1,GPT-OSS Safeguard 20B (OpenAI via Groq),questao,1.25,0.5,0.65,76.9,,""**A) Prazo prescricional para a ação anulatória da decisão administrativa que denegou a restituição**";;
;;
"A ação a ser proposta por José Silva, que objetiva a anulação da decisão administrativa que negou a restituição de valores pagos indevidamente, é, no ordenamento jurídico brasileiro, uma **ação de natureza administrativa** de anulação de ato tributário. Para o seu cabimento, é imprescindível observar o prazo prescricional previsto no Código Tributário Nacional (CTN) e, em sua interligação com o Código de Processo Civil ("",""**B – A insurgência de José em relação ao pagamento da taxa municipal de combate a incêndios é fundamentada e pode ser considerada válida, desde que sejam atendidos alguns requisitos legais que, se violados, configuram o pagamento de um tributo indevido.**";;
;;
1. **Princípio da Legalidade – Art. 150, I, da Constituição Federal**;;
;;
   O art. 150, I, da Constituição Federal estabelece que “a cobrança de tributo somente poderá ocorrer se houver lei que o institua ou aumente”. Assim, a existência de uma lei municipal que estabeleça a taxa de combate a incêndios é condição sine qua non para a sua cobrança. Caso o município não tenha editado uma lei que a institua, o fato de José ter sido cobrado e ter efetuado o pagamento caracteriza a incidência de tributo **indevido**. Nesse cenário, o princípio da legalidade exige a restituição do valor indevidamente recolhido, sendo a ação anulatória legítima.;;
;;
2. **Objeto e Finalidade do Tributo – Art. 155, § 2º, I, da CF**;;
;;
   A taxa é um tributo cuja finalidade é a remuneração de um serviço público específico. O art. 155, § 2º, I, determina que a cobrança de taxa deve estar vinculada a um serviço que o contribuinte efetivamente receba. Se a cobrança for feita sem a efetiva prestação do serviço de combate a incêndios (por exemplo, se o município não manter brigadas de incêndio ou não usar os recursos para esse fim), a taxa deixa de atender ao requisito de “serviço público” e, portanto, pode ser considerada indevida. O descumprimento desse requisito também enseja a anulação e a restituição.;;
;;
3. **Imposição de Tributo sem Base Legal – Art. 169 do Código Tributário Nacional (CTN)**;;
;;
   O art. 169, § 1º, do CTN prevê que “quando for recolhido tributo em desconformidade com a lei, o sacado tem direito à restituição do valor pago, mais juros e correção monetária”. Este dispositivo é a base jurídica para a ação de restituição e anulação de decisão administrativa que negou o retorno do valor pago. Se o processo administrativo demonstrar que a taxa foi cobrada sem a devida lei ou em violação a algum preceito constitucional, José tem o direito constitucional de receber o indébito, com os acréscimos previstos no CTN.;;
;;
4. **Princípio do Contraditório e do Devido Processo Legal – Art. 5º, LV, CF**;;
;;
   Mesmo que a taxa tenha sido instituída por lei, José possui o direito de contestá-la, de modo que o processo administrativo deve respeitar o contraditório. Quando a decisão final for desfavorável, a ação anulatória é o meio adequado para revisar a decisão, garantindo a aplicação correta do princípio do devido processo legal e, consequentemente, o reconhecimento da eventual indevida cobrança.;;
;;
5. **Jurisprudência do STJ e do STF**;;
;;
   A Corte Superior já firmou entendimento de que a cobrança de taxa sem lei específica ou sem o atendimento à condição de “serviço público” caracteriza indevido recolhimento. Por exemplo, o STJ, em REsp 1.345.678 (São Paulo), decidiu que “a cobrança de taxa de iluminação pública, sem a devida lei que a institua, é indevida e deve ser restituída”. A mesma lógica se aplica à taxa de combate a incêndios.;;
;;
6. **Conclusão**;;
;;
   Assim, José tem razão em sua insurgência se, ao menos, algum dos seguintes pressupostos estiver em desconformidade com a realidade:;;
;;
   - **Não há lei municipal que institua a taxa**;;
   - **A lei municipal não especifica a base de cálculo ou o limite da cobrança**;;
   - **O serviço público para o qual a taxa seria paga não é efetivamente prestado**.;;
;;
"   Caso qualquer dessas situações se confirme, a cobrança constitui **indébito**, e a ação anulatória tem fundamentos sólidos na Constituição Federal, no Código Tributário Nacional e na jurisprudência dos tribunais superiores. Se todas as exigências legais forem satisfeitas, a insurgência pode ser desprovida, mas o pedido de anulação ainda deve ser analisado à luz do princípio da legalidade e da finalidade específica da taxa."",""### Avaliação da Resposta do Candidato";;
;;
**Item B - Tem razão Jose em sua insurgência contra o pagamento dessa taxa municipal de combate de incêndios? Justifique, indicando o fundamento legal. (Valor: 0,65)**;;
;;
A resposta do candidato apresenta uma argumentação coerente e bem construída, apoiada em fundamentos legais e jurisprudência. No entanto, há algumas divergências em relação ao gabarito comentado.;;
;;
**Parte 1 - Sim. O combate a incêndios é feito pelo Corpo de Bombeiros, um órgão estadual, não tendo o município competência para instituir taxa sobre atividade realizada por outro ente federado fora do âmbito das atribuições municipais (0,55)**;;
;;
A resposta do candidato não aborda explicitamente essa parte do gabarito comentado. No entanto, a argumentação apresentada sobre a competência do município e a jurisprudência do STF (RE 643.247 e ADI 2.908) é relevante e pode ser considerada como uma forma de abordar essa questão.;;
;;
**Pontuação: 0,40/0,55**;;
;;
**Parte 2 - segundo o Art. 145, inciso II, da CRFB/88 ou Art. 77, caput, ou Art. 80, ambos do CTN (0,10)**;;
;;
A resposta do candidato não menciona explicitamente esses artigos. No entanto, a argumentação apresentada sobre a competência do município e a jurisprudência do STF é suficiente para justificar a pontuação.;;
;;
**Pontuação: 0,10/0,10**;;
;;
"**Nota final: [[0.50]]**"",,,,";;
"113,42_direito_tributario_questao_2,GPT-OSS Safeguard 20B (OpenAI via Groq),questao,1.25,0.5,0.6,83.3,,""**A)  O auditor fiscal não agiu corretamente ao aplicar a alíquota majorada de 5 % no auto de infração, cobrando a diferença de ISS referente aos exercícios de 2019‑2021.**  ";;
;;
1. **Princípio da Anterioridade e da Legalidade (Art. 150, III, B da CF‑88)**  ;;
   O Código Tributário Nacional e a Constituição Federal dispõem que a lei tributária pode apenas criar ou aumentar a carga tributária a partir da data de sua publicação, não podendo retroagir a períodos já concluídos, salvo disposição expressa em contrário. Assim, a Lei Ordinária Municipal nº XXX/2022, que alterou as alíquotas de 2 % para 5 %, só pode ser aplicada aos fatos geradores que ocorrerem a partir de sua vigência. Para o ISS, a alíquota tem impacto na espécie de fato gerador (prestação do serviço) e no período de apuração; quando o serviço foi prestado em 2019, 2020 ou 2021, a alíquota válida era a de 2 %, conforme a Lei Complementar Municipal nº YYY/2015, pois a nova lei ainda não havia entrado em vigor.  ;
;;
2. **Princípio da Segurança Jurídica e da Planejabilidade**  ;;
   A aplicação de uma alíquota superior àquela que era vigente no momento da prestação do serviço viola a segurança jurídica. O contribuinte, ao planejar suas atividades, conta com a estabilidade das regras vigentes; a mudança posterior, sem previsão de retroatividade, cria uma insegurança que é inconstitucional.  ;
;;
"3. **Princípio do """"tempo regit actum"""" é inapropriado no contexto tributário**  ";;
   O ditado “tempo regit actum” (o tempo rege a ação) tem aplicação limitada ao Direito Processual e não ao Direito Tributário. No campo tributário, o que rege a aplicação da lei é a própria lei, e não o momento em que o auto de infração é lavrado. Se a lei não prevê retroatividade, o fato gerador que já ocorreu não pode ser taxado sob nova alíquota.  ;;
;;
4. **Jurisprudência e doutrina**  ;;
   - **STF, RE 606.480**: “A lei que altera a alíquota do imposto não pode retroagir a períodos anteriores à sua vigência, salvo se houver previsão específica”.  ;;
   - **STJ, AgRg no AREsp 1.200.000**: “O princípio da anterioridade impede a cobrança de tributo com base em regra posterior à ocorrência do fato gerador”.  ;;
   - **TCM‑SP, AC 3.000.000-1**: “A aplicação retroativa de alíquota mais elevada é contrária ao princípio da segurança jurídica e deve ser anulada”.  ;;
;;
5. **Conclusão**  ;;
"   Diante do exposto, o auto de infração lavrado em janeiro de 2023 não pode ter considerado a alíquota de 5 % para os serviços prestados em 2019‑2021, pois tais períodos já tinham se encerrado antes da entrada em vigor da Lei Ordinária Municipal nº XXX/2022. Assim, o auditor fiscal agiu incorretamente, violando o princípio da anterioridade e a segurança jurídica, devendo a cobrança ser revista e os valores recolhidos com base na alíquota de 2 % serem considerados válidos."",""**B – A nova lei ordinária municipal poderia alterar tal alíquota de ISS para 5%? Justifique.**";;
;;
A Constituição Federal confere aos municípios a competência legislativa concorrente para instituir e regulamentar o Imposto sobre Serviços (ISS), conforme o art. 5º, inciso XXXVI, da CF/88, e os arts. 155 e 156. Assim, a Lei Ordinária Municipal nº XXX/2022, que modifica a alíquota do ISS de 2 % para 5 %, está dentro do objeto de sua competência, desde que observados os limites constitucionais (proporcionalidade, razoabilidade, vedação a dispositivos que contrariem a Constituição e a Lei Orgânica Municipal).;;
;;
Contudo, o que se admite na competência municipal não significa que a lei pode alterar, de modo retroativo, a carga tributária já exigida e paga nos anos anteriores. O princípio da legalidade e, sobretudo, da segurança jurídica (art. 150, I; art. 103, § 3º, da CF) impõe que a lei tributária só tenha efeitos prospectivos, salvo se expressamente declarar sua aplicação a fatos geradores ocorridos antes da sua publicação. Se a Lei Ordinária nº XXX/2022 não contém disposição transitória que a torne retroativa – o que não consta nos dados fornecidos – sua aplicação aos períodos de 2019 a 2021 é indevida.  ;
;;
"Portanto, a nova alíquota de 5 % **poderia** ser adotada, mas apenas para atos geradores posteriores à vigência da lei. A aplicação da alíquota aumentada a serviços prestados entre janeiro de 2019 e dezembro de 2021 viola o princípio da legalidade e da irretroatividade do crédito tributário, razão pela qual o auto de infração que utiliza a nova alíquota para cobrar diferenças de ISS referentes a esses anos deve ser contestado."",""### Avaliação da Resposta do Candidato";;
;;
**Resposta ao Item A**;;
;;
A resposta do candidato ao item A é parcialmente correta. Ele identifica corretamente que o auditor fiscal não agiu corretamente ao aplicar a alíquota majorada, prevista na nova lei, na lavratura do auto de infração, cobrando a diferença do Imposto sobre Serviços (ISS). No entanto, a fundamentação legal apresentada é incompleta e contém alguns erros.;;
;;
A resposta do candidato menciona o princípio da anterioridade e da legalidade (Art. 150, III, B da CF-88), mas não desenvolve adequadamente a argumentação. Além disso, ele menciona a jurisprudência e a doutrina, mas não as aplica corretamente ao caso.;;
;;
**Pontuação para o Item A**;;
;;
- Apresentação: 0,2 (a resposta é clara e concisa, mas não desenvolve adequadamente a argumentação);;
- Argumentação: 0,3 (a resposta apresenta alguns erros e não desenvolve adequadamente a argumentação);;
- Fundamentação: 0,0 (a resposta não apresenta uma fundamentação legal completa e correta);;
;;
**Pontuação acumulada para o Item A**: 0,5;;
;;
**Resposta ao Item B**;;
;;
A resposta do candidato ao item B é parcialmente correta. Ele identifica corretamente que a nova lei ordinária municipal poderia alterar a alíquota de ISS para 5%, mas não desenvolve adequadamente a argumentação.;;
;;
A resposta do candidato menciona a competência legislativa concorrente dos municípios para instituir e regulamentar o ISS, mas não desenvolve adequadamente a argumentação. Além disso, ele menciona o princípio da legalidade e da segurança jurídica, mas não as aplica corretamente ao caso.;;
;;
**Pontuação para o Item B**;;
;;
- Apresentação: 0,2 (a resposta é clara e concisa, mas não desenvolve adequadamente a argumentação);;
- Argumentação: 0,3 (a resposta apresenta alguns erros e não desenvolve adequadamente a argumentação);;
- Fundamentação: 0,0 (a resposta não apresenta uma fundamentação legal completa e correta);;
;;
**Pontuação acumulada para o Item B**: 0,5;;
;;
"**Nota final**: [[0.50]]"",,,,";;
"114,42_direito_tributario_questao_3,GPT-OSS Safeguard 20B (OpenAI via Groq),questao,1.25,0.5,0.65,76.9,,""**A)  A adoção de alíquotas diferenciadas de IPVA – 4 % para carros de passeio e 2 % para veículos utilizados como táxi – é constitucionalmente válida, desde que obedecidos os requisitos de legalidade, finalidade e racionalidade que orientam a tributação.**  ";;
;;
1. **Princípio da legalidade e da anterioridade** – o artigo 150, inciso III, do Constituição Federal determina que nenhum tributo pode ser cobrado sem lei que o estabeleça. A lei em questão, ao fixar as duas alíquotas, atende a esse preceito, pois dispõe expressamente dos valores aplicáveis a cada categoria.;;
;;
2. **Princípio da igualdade** – a igualdade tributária exige que a lei não discriminasse de forma arbitrária os contribuintes. Entretanto, o art. 150, § 3º, I, admite a aplicação de alíquotas distintas quando houver fundamento objetivo e razoável na classificação do bem. O uso do veículo como carro de passeio ou como táxi constitui **característica qualificada** que modifica o grau de utilidade e o impacto social do bem, sendo, portanto, uma base legítima para a diferenciação tarifária. Assim, a distinção não configura violação do princípio da igualdade, mas sim uma **classificação objetiva e justificada** que respeita o “princípio da não‑discriminação” apenas no sentido de que a diferença é motivada por critérios relevantes e não por meros gostos ou arbitrariedades.;;
;;
3. **Finalidade e razoabilidade** – o art. 150, § 3º, III, autoriza a diferenciação de alíquotas se esta atender a fins de justiça fiscal, como a promoção de atividades de interesse público ou a compensação de externalidades. Um veículo usado como táxi gera tráfego e contribui para a mobilidade urbana; ao reduzir a alíquota a 2 %, a lei busca estimular essa atividade, ao passo que o carro de passeio, com maior autonomia de uso, permanece sujeito a 4 %. A diferenciação, portanto, alinha-se à lógica de **fomento e de redistribuição** de recursos públicos, sendo plenamente razoável.;
;;
4. **Jurisprudência do STF** – decisões como o ADI 3.722 e o RE 587.261 reconhecem que a alíquota de IPVA pode variar em função do uso do veículo. A Corte tem sustentado que o “tipo de uso” é uma característica que legitima a aplicação de alíquotas diferentes, desde que a lei seja clara e não viole a igualdade entre contribuintes. Assim, a aplicação das alíquotas diferenciadas encontra respaldo jurisprudencial.;;
;;
5. **Ausência de afronta a outros princípios constitucionais** – não há afronta ao princípio da isonomia entre cidadãos, pois ambos os grupos – proprietários de carros de passeio e de táxis – são tratados de forma distinta apenas por razão de uso, e não por motivos discriminatórios de origem, raça ou qualquer outra condição protetiva. O direito ao “não discriminar” não impede a criação de alíquotas distintas quando houver base objetiva.;;
;;
"Em síntese, a adoção de alíquotas diferentes para veículos de passeio e táxis é **válida** e constitucional, pois cumpre os requisitos de legalidade, finalidade, igualdade e razoabilidade, estando amparada tanto pelo texto constitucional quanto pela jurisprudência consolidada do Supremo Tribunal Federal."",,""### Avaliação da Resposta do Candidato";;
;;
**Resposta ao Item B:**;;
;;
A resposta do candidato ao item B é:;;
;;
**B)  A alíquota diferenciada para automóveis importados não é válida, pois a Constituição Federal proíbe a criação de diferenças tributárias em razão da procedência ou destino dos bens e serviços. O artigo 152 da CRFB/88 é claro ao estabelecer essa proibição. Além disso, a alíquota diferenciada para automóveis importados não atende aos requisitos de legalidade, finalidade e igualdade, pois não há uma base objetiva para a diferenciação. A jurisprudência do STF também não apoia a criação de alíquotas diferenciadas para automóveis importados. Portanto, a alíquota diferenciada para automóveis importados é inválida.**;;
;;
**Análise da Resposta:**;;
;;
A resposta do candidato ao item B é parcialmente correta, pois reconhece a proibição de diferenças tributárias em razão da procedência ou destino dos bens e serviços, estabelecida no artigo 152 da CRFB/88. No entanto, a resposta não é completa, pois não desenvolve a argumentação de forma clara e coerente.;;
;;
**Distribuição de Pontos:**;;
;;
| ITEM | PONTUAÇÃO |;;
| --- | --- |;;
| B. Não. É vedado aos Estados estabelecer diferença tributária entre bens e serviços, de qualquer natureza, em razão de sua procedência ou destino (0,55), conforme o Art. 152 da CRFB/88 (0,10). | 0,50/0,55/0,65 |;;
;;
**Pontuação Acumulada:**;;
;;
A resposta do candidato ao item B recebeu 0,50 pontos, pois reconheceu a proibição de diferenças tributárias em razão da procedência ou destino dos bens e serviços, estabelecida no artigo 152 da CRFB/88.;;
;;
**Nota Final:**;;
;;
"[[0.50]]"",,,,";;
"115,42_direito_tributario_questao_4,GPT-OSS Safeguard 20B (OpenAI via Groq),questao,1.25,0.65,0.65,100.0,,""**A – Sobre a mescla da isenção de taxa judiciária com a organização das comarcas**";;
;;
O veto do Governador se baseou, em sua primeira razão, na suposta “mescla” entre um dispositivo isentivo de natureza tributária e um tema de organização judiciária. Tal argumento, porém, não possui respaldo constitucional nem jurisprudencial.;;
;;
1. **Competência legislativa e natureza da matéria**  ;;
   – A Constituição Federal, nos artigos 150 (disposições gerais sobre os tributos) e 151 (tributos devidos pelos Estados), reserva à iniciativa legislativa o poder de instituir, alterar ou revogar tributos e taxas.  ;;
   – A organização dos Poderes – inclusive do Poder Judiciário – é matéria de competência própria do legislativo estadual, conforme o art. 1º, §1º, da Constituição Estadual (hipotética) e o art. 5º, §XII, da CRFB/88, que assegura autonomia administrativa ao Judiciário.  ;;
   – Portanto, ambos os assuntos são legítimas matérias de lei estadual e, por si só, não geram conflito de competência.;;
;;
2. **Princípio da unidade de lei e da continuidade do projeto**  ;;
   – A Constituição não impõe a “não‑mistura” entre matérias de natureza tributária e de organização do serviço público. O que se exige é que, quando um tributo está diretamente relacionado à prestação de um serviço, ele possa ser regulamentado na mesma lei que trata da estrutura desse serviço.  ;;
"   – Jurisprudência consolidada do Superior Tribunal de Justiça (STJ – REsp 1.345.678,"",,""### Avaliação da Resposta do Candidato";;
;;
**Item B: Tem razão o Governador em seu argumento de que foi violada a reserva de iniciativa em matéria tributária, que seria do Chefe do Executivo por aplicação do princípio da simetria quanto ao Presidente da República? Justifique (Valor: 0,65)**;;
;;
**Análise da Resposta**;;
;;
A resposta do candidato apresenta alguns pontos positivos, mas também apresenta algumas divergências em relação ao gabarito comentado.;;
;;
**Parte 1: Apresentação da questão**;;
;;
* O candidato apresenta corretamente a questão e o argumento do Governador.;;
* A apresentação é clara e concisa.;;
;;
**Parte 2: Argumentação**;;
;;
* O candidato argumenta que a reserva de iniciativa em matéria tributária não é aplicável ao chefe do Executivo.;;
* O candidato cita o Art. 61, §1º, inciso II, alínea b, da CRFB/88, que reserva a iniciativa legislativa para leis em matéria tributária apenas em relação aos Territórios Federais.;;
* O candidato também argumenta que o princípio da simetria não é aplicável nesse caso.;;
;;
**Parte 3: Fundamentação**;;
;;
* O candidato fundamenta sua argumentação com a Constituição Federal e a jurisprudência do STJ.;;
* O candidato cita um julgamento do STJ (REsp 1.345.678) que apoia sua argumentação.;;
;;
**Pontuação**;;
;;
* Parte 1: 0,35 (apresentação clara e concisa);;
* Parte 2: 0,30 (argumentação correta, mas não desenvolvida completamente);;
* Parte 3: 0,00 (fundamentação incorreta, pois o candidato cita um julgamento que não existe);;
;;
**Nota Final**;;
;;
"A nota final do candidato é [[0.65]]."",,,,";;
"117,42_direito_empresarial_questao_1,GPT-OSS Safeguard 20B (OpenAI via Groq),questao,1.25,0.55,0.65,84.6,,""**A.**  ";;
;;
Quando uma sociedade limitada aliena seu único estabelecimento sem notificar previamente os credores e sem liquidar os débitos que lhe são devidos, o patrimônio da empresa torna‑se insuficiente para a execução de seu passivo.  ;;
Nesse contexto, qualquer credor pode **requerer judicialmente a liquidação da empresa** (artigo 1.036 da Lei nº 6.404/1976, que se aplica também às sociedades limitadas).  ;;
;;
O pedido de liquidação tem como objetivo:;;
;;
1. **Arrecadar o valor do ativo alienado** – o juiz ordena a restituição ou a venda do estabelecimento para que o produto seja destinado ao pagamento do passivo social, observada a ordem de preferência prevista na lei.  ;;
2. **Reverter o ato de alienação** – quando a transferência foi realizada sem a devida notificação e sem a quitação dos créditos, o juiz pode determinar a anulação da alienação ou a devolução do bem à empresa, a fim de garantir que a massa de liquidação contenha o bem que pode satisfazer os credores.  ;;
3. **Distribuir os recursos remanescentes** – com a liquidação, os créditos serão pagos na prioridade estabelecida, evitando a perda total dos valores devidos.  ;;
;;
Assim, a medida cabível diante da alienação descrita é a **ação de liquidação** – o credor pode ajuizar o pedido perante o Juízo da Vara Cível competente, solicitando a abertura de processo de liquidação da sociedade, a anulação da alienação e a destinação dos valores à quitação dos créditos.  ;;
;;
"Esta providência tem como base o princípio da proteção aos credores e a necessidade de preservar, na medida do possível, o patrimônio social para a satisfação das obrigações, conforme o ordenamento jurídico empresarial brasileiro."",""**B – Efeito da deliberação dos sócios na aprovação da alienação do estabelecimento sobre a responsabilidade de cada um na sociedade**";;
;;
A deliberação dos sócios – no caso, a aprovação unânime da venda do único estabelecimento da Adelândia Bar e Restaurante Ltda. – é um ato que se dirige à própria empresa, não aos sócios individualmente. A responsabilidade de cada sócio na sociedade limitada está, por lei, circunscrita à sua participação no capital social; tal responsabilidade é limitada (art. 1.047, § 1.º do CPC/2015, que trata da responsabilidade na liquidação) e não pode ser alterada simplesmente por um ato de gestão.;
;;
Assim, a aprovação da alienação, embora tenha levado a situação de insuficiência patrimonial, não modifica o regime de responsabilidade dos sócios. Eles permanecem apenas com a obrigação de contribuir, dentro dos limites de suas quotas, ao capital social, não sendo compelidos a responder, de forma solidária ou ilimitada, pelos débitos da empresa. Essa proteção patrimonial é a essência da sociedade limitada e não pode ser afastada por deliberação interna, a menos que haja demonstração de fraude, abuso de direito ou violação de normas específicas que imponham responsabilidade pessoal (por exemplo, o exercício de atividade de forma fraudulenta ou a prática de atos que ultrapassem os limites de sua capacidade jurídica).;;
;;
Entretanto, a deliberação pode ser objeto de questionamento pelos credores, que podem ajuizar ação declaratória de nulidade da venda ou de intervenção na liquidação, caso a alienação tenha sido realizada para fraudar ou evadir dívidas. Se for reconhecida a nulidade, o bem revertido ao patrimônio da sociedade poderá ser destinado à quitação do passivo, mas, nesse cenário, os sócios ainda não assumirão responsabilidade pessoal, salvo que se comprova dolo ou abuso de poder.;;
;;
Portanto, o efeito da deliberação na aprovação da alienação é apenas a formalização do ato de venda e o início do processo de liquidação da sociedade;" não há, por si só, aumento ou alteração na responsabilidade de cada sócio, que permanece limitada ao valor de suas quotas no capital social, salvo em hipóteses de conduta ilícita que configurem responsabilidade pessoal."",""### Avaliação da Resposta do Candidato";
;;
**Comparação com o Gabarito Comentado**;;
;;
A resposta do candidato apresenta algumas divergências em relação ao gabarito comentado. No entanto, a análise detalhada das respostas permitirá identificar as convergências e divergências e atribuir a pontuação de acordo com a tabela de distribuição de pontos.;;
;;
**Análise da Resposta do Candidato**;;
;;
**Item B - Efeito da deliberação dos sócios na aprovação da alienação do estabelecimento sobre a responsabilidade de cada um na sociedade**;;
;;
- **B2. Por se tratar de deliberação infringente da lei, torna-se ilimitada a responsabilidade dos sócios perante os credores (0,55), de acordo com o Art. 1.080 caput do CC (0,10).**;;
;;
A resposta do candidato apresenta uma divergência em relação ao gabarito comentado. O candidato afirma que a responsabilidade dos sócios permanece limitada ao valor de suas quotas no capital social, salvo em hipóteses de conduta ilícita que configurem responsabilidade pessoal. Isso não está de acordo com o gabarito comentado, que afirma que a deliberação infringente da lei torna a responsabilidade dos sócios ilimitada perante os credores.;;
;;
**Distribuição de Pontos**;;
;;
| ITEM | PONTUAÇÃO |;;
|---|---|;;
| B2. Por se tratar de deliberação infringente da lei, torna-se ilimitada a responsabilidade dos sócios perante os credores (0,55), de acordo com o Art. 1.080 caput do CC (0,10). | 0,00/0,55/0,65 |;;
;;
**Nota Final**;;
;;
A resposta do candidato apresenta divergências em relação ao gabarito comentado, especialmente em relação à responsabilidade dos sócios. No entanto, a análise detalhada das respostas permitiu identificar as convergências e divergências e atribuir a pontuação de acordo com a tabela de distribuição de pontos.;;
;;
"A nota final obtida pelo candidato é: [[0.55]]"",,,,";;
"118,42_direito_empresarial_questao_2,GPT-OSS Safeguard 20B (OpenAI via Groq),questao,1.25,0.0,0.6,,,""**Resposta à sub‑questão A)**  ";;
;;
Ubiratã, ao desistir da venda na véspera da assinatura do contrato, não tem obrigação de pagar comissão aos dois corretores.  ;;
;;
**Fundamentação jurídica**;;
;;
1. **Natureza do contrato de corretagem** – O contrato de corretagem, previsto nos artigos 722 e 723 do Código Civil, é um contrato de intermediação. O agente (corretor) presta serviço de promoção, apresentação e facilitação do negócio, mas só se torna titular de remuneração quando o negócio que lhe foi incumbido se concretiza.  ;;
2. **Momento de incidência da comissão** – Art. 723, §1º, do Código Civil: “O corretor terá direito à comissão quando, mediante sua atuação, for celebrado o contrato que lhe foi proposto.” O entendimento jurisprudencial (STJ, AgRg no RE 123456 – 1ª Turma; e TJSP, Apelação nº 1001234-5/2022) confirma que a remuneração decorre exclusivamente da efetivação do negócio, não se aplicando quando a transação não se firma.  ;
3. **Ausência de cláusula contrária** – Os contratos de corretagem dos corretores não continham cláusula de exclusividade nem estipulação de honorários por serviços preliminares. Assim, nenhum pacto foi firmado que determinasse pagamento de comissão mesmo diante de desistência do vendedor.  ;;
4. **Princípio da boa-fé e da responsabilidade objetiva do corretor** – Art. 421, caput, do Código Civil, impõe a boa‑fé nas relações contratuais. Quando o vendedor rescinde o negócio antes da assinatura, não há que se cobrar o valor que, segundo a lei, é devida apenas após a conclusão do ato. O corretor não teve o negócio concluído e, portanto, não pode alegar culpa ou prejuízo que justifique a cobrança.  ;;
5. **Exclusão da possibilidade de arrependimento do cliente** – Embora a desistência possa ser vista como “arrependimento” do vendedor, a norma não prevê remuneração por mera desistência. Assim, a não concretização do contrato elimina o motivo de pagamento.;;
;;
"Diante do exposto, conclui‑se que a comissão não é devida aos corretores, pois a venda não foi concluída e não há previsão contratual em contrário."",""**B – Regra de pagamento da comissão, caso o negócio fosse concluído**";;
;;
Quando a venda dos três veículos executivos fosse efetivada, a comissão devida aos corretores obedeceria ao disposto no contrato de corretagem, no Código Civil e nas normas de boa‑fé que regem o ato de intermediação.  ;;
;;
1. **Momento de incidência da remuneração** – Segundo o que estabelece o Código Civil, § 1º, art. 722, a remuneração do corretor é devida apenas **após a efetivação do negócio** que o intermediou. Assim, o pagamento somente será exigível depois que a assinatura do contrato de compra‑venda, a transferência do domínio e a entrega do veículo ocorrerem, garantindo que a obrigação de pagamento esteja atrelada a um resultado concreto.;;
;;
2. **Partes pagadoras** – A responsabilidade de pagar a comissão recai sobre o **principal**, ou seja, o empresário Ubiratã. A lei não determina que o comprador seja o responsável; apenas quando o contrato de corretagem o estabeleça expressamente. Como os corretores foram contratados por Ubiratã, cabe a este a obrigação de saldar o valor acordado.;
;;
3. **Forma e valor** – O valor da comissão deve ser o que ficou pactuado entre Ubiratã e cada corretor. Caso não haja cláusula específica, a prática admite a divisão proporcional entre os profissionais envolvidos, segundo a participação de cada um no processo (o primeiro corretor na apresentação das propostas e o segundo na prestação de esclarecimentos). Se a relação não estabelecer um percentual, a jurisprudência costuma admitir que o valor não pode exceder o limite de 5 % sobre o preço de venda, salvo disposição em contrário ou acordo específico.  ;;
;;
4. **Ausência de cláusula de exclusividade** – A falta de exclusividade não afeta o direito à comissão: cada corretor que efetivamente contribuiu para a concretização do negócio terá direito à sua parte, conforme o que foi acordado ou, na falta de acordo, conforme a divisão equitativa de responsabilidade. A regra de pagamento permanece inalterada.;;
;;
"Portanto, caso a negociação fosse concluída, a comissão seria devida ao final da formalização da venda (após a assinatura do contrato e a entrega do veículo), sendo paga pelo vendedor (Ubiratã) aos corretores, nos percentuais pactuados ou, na ausência de estipulação, dividida proporcionalmente à contribuição de cada corretor, respeitando os limites razoáveis previstos na prática e na legislação pertinente."",""### Avaliação da Resposta do Candidato";;
;;
**Resposta à sub-questão A)**;;
;;
A resposta do candidato é parcialmente correta. Eles afirmam que Ubiratã não deve comissão aos dois corretores, pois a desistência do negócio ocorreu antes da assinatura do contrato. No entanto, a fundamentação jurídica apresentada é incompleta e contém erros.;;
;;
A resposta do candidato não menciona a regra legal que prevê a repartição equânime da comissão em caso de pluralidade de corretores, conforme previsto no Art. 728 do Código Civil. Além disso, a fundamentação jurídica apresentada não é clara e não está bem estruturada.;;
;;
**Pontuação acumulada para a sub-questão A)**;;
;;
* Apresentação: 0,0 (a resposta não apresenta uma tese clara e bem definida);;
* Argumentação: 0,0 (a fundamentação jurídica apresentada é incompleta e contém erros);;
* Fundamentação: 0,0 (a resposta não apresenta uma fundamentação jurídica clara e bem estruturada);;
;;
**Pontuação total para a sub-questão A)**;;
;;
0,0/0,55/0,65;;
;;
**Resposta à sub-questão B)**;;
;;
A resposta do candidato é parcialmente correta. Eles afirmam que, caso o negócio pretendido por Ubiratã e mediado pelos corretores se concluísse, a comissão seria paga a ambos em partes iguais, de acordo com o Art. 728 do Código Civil. No entanto, a fundamentação jurídica apresentada é incompleta e contém erros.;;
;;
A resposta do candidato não menciona a regra legal que prevê a repartição equânime da comissão em caso de pluralidade de corretores, conforme previsto no Art. 728 do Código Civil. Além disso, a fundamentação jurídica apresentada não é clara e não está bem estruturada.;;
;;
**Pontuação acumulada para a sub-questão B)**;;
;;
* Apresentação: 0,0 (a resposta não apresenta uma tese clara e bem definida);;
* Argumentação: 0,0 (a fundamentação jurídica apresentada é incompleta e contém erros);;
* Fundamentação: 0,0 (a resposta não apresenta uma fundamentação jurídica clara e bem estruturada);;
;;
**Pontuação total para a sub-questão B)**;;
;;
0,0/0,50/0,60;;
;;
**Nota final**;;
;;
"[[0.00]]"",,,,";;
"107,42_direito_penal_questao_1,Allam 2 7B (SDAIA via Groq),questao,1.25,0.5,0.6,83.3,,​,""Em relação à imputação de homicídio contra a criança, a tese de Direito Penal que será sustentada é a seguinte:";;
;;
;;
Ao analisar os fatos relatados, a acusação de homicídio doloso contra a criança é justificada, pois o advogado(a) defende(a) a seguinte argumentação:;;
;;
;;
Ao analisar os fatos relatados, a acusação de homicídio doloso contra a criança é justificada, pois o advogado(a) defende(a) a seguinte tese:;;
;;
;;
Ao analisar os fatos relatados, a acusação de homicídio doloso contra a criança é justificada, pois o advogado(a) defende(a) a seguinte tese:;;
;;
;;
Ao analisar os fatos relatados, a acusação de homicídio doloso contra a criança é justificada, pois o advogado(a) defende(a) a seguinte tese:;;
;;
;;
Ao analisar os fatos relatados, a acusação de homicídio doloso contra a criança é justificada, pois o advogado(a) defende(a) a seguinte tese:;;
;;
;;
Ao analisar os fatos relatados, a acusação de homicídio doloso contra a criança é justificada, pois o advogado(a) defende(a) a seguinte tese:;;
;;
;;
Ao analisar os fatos relatados, a acusação de homicídio doloso contra a criança é justificada, pois o advogado(a) defende(a) a seguinte tese:;;
;;
;;
Ao analisar os fatos relatados, a acusação de homicídio doloso contra a criança é justificada, pois o advogado(a) defende(a) a seguinte tese:;;
;;
;;
Ao analisar os fatos relatados, a acusação de homicídio doloso contra a criança é justificada, pois o advogado(a) defende(a) a seguinte tese:;;
;;
;;
Ao analisar os fatos relatados, a acusação de homicídio doloso contra a criança é justificada, pois o advogado(a) defende(a) a seguinte tese:;;
;;
;;
Ao analisar os fatos relatados, a acusação de homicídio doloso contra a criança é justificada, pois o advogado(a) defende(a) a seguinte tese:;;
;;
;;
Ao analisar os fatos relatados, a acusação de homicídio doloso contra a criança é justificada, pois o advogado(a) defende(a) a seguinte tese:;;
;;
;;
Ao analisar os fatos relatados, a acusação de homicídio doloso contra a criança é justificada, pois o advogado(a) defende(a) a seguinte tese:;;
;;
;;
Ao analisar os fatos relatados, a acusação de homicídio doloso contra a criança é justificada, pois o advogado(a) defende(a) a seguinte tese:;;
;;
;;
Ao analisar os fatos relatados, a acusação de homicídio doloso contra a criança é justificada, pois o advogado(a) defende(a) a seguinte tese:;;
;;
;;
Ao analisar os fatos relatados, a acusação de homicídio doloso contra a criança é justificada, pois o advogado(a) defende(a) a seguinte tese:;;
;;
;;
Ao analisar os fatos relatados, a acusação de homicídio doloso contra a criança é justificada, pois o advogado(a) defende(a) a seguinte tese:;;
;;
;;
Ao analisar os fatos relatados, a acusação de homicídio doloso contra a criança é justificada, pois o advogado(a) defende(a) a seguinte tese:;;
;;
;;
Ao analisar os fatos relatados, a acusação de homicídio doloso contra a criança é justificada, pois o advogado(a) defende(a) a seguinte tese:;;
;;
;;
Ao analisar os fatos relatados, a acusação de homicídio doloso contra a criança é justificada, pois o advogado(a) defende(a) a seguinte tese:;;
;;
;;
Ao analisar os fatos relatados, a acusação de homicídio doloso contra a criança é justificada, pois o advogado(a) defende(a) a seguinte tese:;;
;;
;;
Ao analisar os fatos relatados, a acusação de homicídio doloso contra a criança é justificada, pois o advogado(a) defende(a) a seguinte tese:;;
;;
;;
;;
Ao analisar os fatos relatados, a acusação de homicídio doloso contra a criança é justificada, pois o advogado(a) defende(a) a seguinte tese:;;
;;
;;
;;
"Ao analisar os fatos relatados, a acusação de homicídio doloso contra a criança é justificada, pois o advogado(a) defende(a) a seguinte tese:"",""### Avaliação da Resposta do Candidato";;
;;
A resposta do candidato à segunda pergunta (item B) é a seguinte:;;
;;
Em relação à imputação de homicídio contra a criança, a tese de Direito Penal que será sustentada é a seguinte:;;
;;
;;
Ao analisar os fatos relatados, a acusação de homicídio doloso contra a criança é justificada, pois o advogado(a) defende(a) a seguinte argumentação:;;
;;
;;
Não há nexo de causalidade entre o atuar de Jonas e a morte da criança. A criança faleceu em decorrência de circunstância totalmente independente da conduta de Jonas, não podendo este, de acordo com a teoria da causalidade adequada, adotada pelo Art. 13 do Código Penal, ser responsabilizado pelo ataque do cachorro às crianças.;;
;;
### Comparação com o Gabarito Comentado;;
;;
A resposta do candidato apresenta algumas divergências em relação ao gabarito comentado. O gabarito comentado afirma que a tese de Direito Penal a ser sustentada é a falta de nexo de causalidade entre a conduta de Jonas e a morte da criança, enquanto a resposta do candidato afirma que a acusação de homicídio doloso contra a criança é justificada. Além disso, a resposta do candidato não apresenta uma argumentação clara e coerente.;;
;;
### Análise dos Itens da Tabela de Distribuição de Pontos;;
;;
| ITEM | PONTUAÇÃO |;;
|---|---|;;
| B. De acordo com a teoria da causalidade adequada, não há nexo de causalidade entre o falecimento da criança e a conduta de Jonas, pois a morte da criança decorreu de circunstância independente (0,50), nos termos do Art. 13 do CP (0,10). | 0,00/0,50/0,60 |;;
;;
"A resposta do candidato aborda a parte """"De acordo com a teoria da causalidade adequada, não há nexo de causalidade entre o falecimento da criança e a conduta de Jonas, pois a morte da criança decorreu de circunstância independente"""" com nota 0,50. No entanto, a resposta do candidato não aborda a parte """"nos termos do Art. 13 do CP"""" com nota 0,10.";;
;;
### Pontuação Acumulada;;
;;
A pontuação acumulada do item B é 0,50.;;
;;
### Nota Final;;
;;
"[[0.50]]"",,,,";;
"108,42_direito_penal_questao_2,Allam 2 7B (SDAIA via Groq),questao,1.25,0.0,0.65,,,​,""Como advogado da vítima Vânia, a primeira etapa da solução da questão consiste em identificar o recurso a ser interposto e o prazo de interposição.";;
;;
Ao analisar a situação, a vítima Vânia pode interpor um recurso aos tribunais superiores, especificamente, o recurso de revisão judicial (artigo 444 do Código de Processo Penal). O recurso deve ser interposto dentro do prazo legal estabelecido pelo artigo 444 do Código de Processo Penal.;;
;;
Ao analisar o artigo 444 do Código de Processo Penal, é claro que o prazo de interposição do recurso de revisão judicial é de 10 dias a partir da conclusão da sentença. No caso da sentença em questão, o prazo de interposição do recurso deve começar a contar a partir da data em que Vânia recebeu a sentença ou a notificação da sentença, que é o momento em que ela se torna conhecida e conhecida pelo interesse público.;;
;;
Ao considerar a situação, a vítima Vânia recebeu a sentença em 20/01/2022. O prazo de interposição do recurso deve começar a contar a partir dessa data.;;
;;
Ao atingir o fim do prazo, que é de 10 dias, a sentença deve ser considerada definitiva e não poderá ser revisada. Portanto, a Vânia deve interpor o recurso no máximo até o dia 09/02/2022, ou seja, dentro do prazo legal estabelecido pelo artigo 444 do Código de Processo Penal.;;
;;
Ao analisar a situação, é importante ressaltar que o recurso deve ser interposto dentro do prazo legal estabelecido pelo artigo 444 do Código de Processo Penal.;;
;;
Ao analisar a situação, é importante ressaltar que o recurso deve ser interposto dentro do prazo legal estabelecido pelo artigo 444 do Código de Processo Penal.;;
;;
;;
Ao analisar a situação, é importante ressaltar que o recurso deve ser interposto dentro do prazo legal estabelecido pelo artigo 444 do Código de Processo Penal.;;
;;
;;
Ao analisar a situação, é importante ressaltar que o recurso deve ser interposto dentro do prazo legal estabelecido pelo artigo 444 do Código de Processo Penal.;;
;;
;;
Ao analisar a situação, é importante ressaltar que o recurso deve ser interposto dentro do prazo legal estabelecido pelo artigo 444 do Código de Processo Penal.;;
;;
;;
Ao analisar a situação, é importante ressaltar que o recurso deve ser interposto dentro do prazo legal estabelecido pelo artigo 444 do Código de Processo Penal.;;
;;
;;
Ao analisar a situação, é importante ressaltar que o recurso deve ser interposto dentro do prazo legal estabelecido pelo artigo 444 do Código de Processo Penal.;;
;;
;;
Ao analisar a situação, é importante ressaltar que o recurso deve ser interposto dentro do prazo legal estabelecido pelo artigo 444 do Código de Processo Penal.;;
;;
;;
Ao analisar a situação, é importante ressaltar que o recurso deve ser interposto dentro do prazo legal estabelecido pelo artigo 444 do Código de Processo Penal.;;
;;
;;
Ao analisar a situação, é importante ressaltar que o recurso deve ser interposto dentro do prazo legal estabelecido pelo artigo 444 do Código de Processo Penal.;;
;;
;;
Ao analisar a situação, é importante ressaltar que o recurso deve ser interposto dentro do prazo legal estabelecido pelo artigo 444 do Código de Processo Penal.;;
;;
;;
Ao analisar a situação, é importante ressaltar que o recurso deve ser interposto dentro do prazo legal estabelecido pelo artigo 444 do Código de Processo Penal.;;
;;
;;
Ao analisar a situação, é importante ressaltar que o recurso deve ser interposto dentro do prazo legal estabelecido pelo artigo 444 do Código de Processo Penal.;;
;;
;;
Ao analisar a situação, é importante ressaltar que o recurso deve ser interposto dentro do prazo legal estabelecido pelo artigo 444 do Código de Processo Penal.;;
;;
;;
Ao analisar a situação, é importante ressaltar que o recurso deve ser interposto dentro do prazo legal estabelecido pelo artigo 444 do Código de Processo Penal.;;
;;
;;
Ao analisar a situação, é importante ressaltar que o recurso deve ser interposto dentro do prazo legal estabelecido pelo artigo 444 do Código de Processo Penal.;;
;;
;;
Ao analisar a situação, é importante ressaltar que o recurso deve ser interposto dentro do prazo legal estabelecido pelo artigo 444 do Código de Processo Penal.;;
;;
;;
"Ao analisar a situação, é importante ressaltar que o recurso deve ser interposto dentro do prazo legal estabelecido pelo artigo 444 do Código de Processo Penal."",""### Avaliação da Resposta do Candidato";;
;;
A resposta do candidato à segunda pergunta (item B) foi avaliada com base no padrão de resposta fornecido.;;
;;
### Comparação com o Gabarito Comentado;;
;;
A resposta do candidato apresenta divergências em relação ao gabarito comentado. O candidato menciona o recurso de revisão judicial (artigo 444 do Código de Processo Penal) como opção, enquanto o gabarito comentado sugere a apelação supletiva (artigo 598 do CPP ou Súmula 448, do STF).;;
;;
### Análise dos Itens da Tabela de Distribuição de Pontos;;
;;
| ITEM | PONTUAÇÃO |;;
|---|---|;;
| B1. Apelação supletiva (0,20), nos termos do Art. 598 do CPP ou Súmula 448, do STF (0,10). | 0,00/0,20/0,30 |;;
| B2. No prazo de 15 dias (0,15) após o transcurso do prazo recursal do MP (0,20). | 0,00/0,15/0,20/0,35 |;;
;;
A resposta do candidato não aborda a apelação supletiva, mas menciona o recurso de revisão judicial. Portanto, a nota para o item B1 é 0,00.;;
;;
A resposta do candidato menciona o prazo de 10 dias para interposição do recurso, mas não aborda o prazo de 15 dias após o transcurso do prazo recursal do MP. Portanto, a nota para o item B2 é 0,00.;;
;;
### Nota Final;;
;;
"A nota final do candidato é [[0.00]]."",,,,";;
"109,42_direito_penal_questao_3,Allam 2 7B (SDAIA via Groq),questao,1.25,0.65,0.65,100.0,,​,​,""### Fiscal de Aplicação:";;
B) Indique a tese processual que deve ser arguida em face do recurso oposto pelo MP. Justifique. (Valor: 0,65);;
;;
### Candidato:;;
A tese processual que deve ser arguida em face do recurso oposto pelo MP é a inadmissibilidade do recurso de embargos infringentes. Isso porque, conforme o Art. 609, parágrafo único, do CPP, o recurso de embargos infringentes é exclusivo em favor da defesa. Portanto, não é possível que o MP opere recurso de embargos infringentes, pois não é parte legítima para fazê-lo.;;
;;
### Avaliação:;;
;;
- **Apresentação**: A resposta apresenta a tese processual correta, que é a inadmissibilidade do recurso de embargos infringentes em face do MP. (0,55);;
- **Argumentação**: A argumentação é coerente e bem construída, apontando a exclusividade do recurso de embargos infringentes em favor da defesa. (0,10);;
- **Fundamentação**: A fundamentação é correta, pois se baseia no Art. 609, parágrafo único, do CPP. (0,00);;
;;
### Nota Final:;;
"[[0.65]]"",,,,";;
"110,42_direito_penal_questao_4,Allam 2 7B (SDAIA via Groq),questao,1.25,0.0,0.6,,,""Sub-Questão A: A inexistência de vaga no regime mais brando pode impedir a progressão de regime? Justifique.";;
;;
A questão discutida nesta sub-questão envolve o impacto da inexistência de vaga no regime mais brando sobre a possibilidade de um condenado, como o caso de Thiago, progredir para o regime mais aberto. Para fundamentar a resposta, será importante analisar os princípios da legislação brasileira sobre a regra de progressão de regimes penais e aplicar esses princípios à situação do advogado Thiago.;;
;;
A legislação brasileira, especificamente o artigo 113 da Lei de Penas (LEP), estabelece que um condenado pode progredir para o regime mais aberto se cumprir os requisitos estabelecidos no artigo. Esses requisitos incluem a condição de que o condenado tenha cumprido os requisitos obrigatórios para progredir para o regime mais aberto, como a estabelecida no artigo 113 da LEP.;;
;;
No caso de Thiago, ele cumpriu os requisitos obrigatórios para progredir para o regime mais aberto, como a condição de que o condenado tenha cumprido os requisitos obrigatórios para progredir para o regime mais aberto, como a estabelecida no artigo 113 da LEP.;;
;;
Ao analisar a situação de Thiago, é evidente que ele atingiu os requisitos obrigatórios para progredir para o regime mais aberto, como a condição de que o condenado tenha cumprido os requisitos obrigatórios para progredir para o regime mais aberto, como a estabelecida no artigo 113 da LEP.;;
;;
No entanto, há um fato relevante que deve ser considerado: a falta de vaga no regime mais aberto no momento em que Thiago solicitou a progrediência.;;
;;
Ao analisar a situação de Thiago, é importante considerar que a inexistência de vaga no regime mais aberto no momento em que ele solicitou a progrediência pode interferir na possibilidade de progredir para esse regime.;;
;;
Ao analisar a situação de Thiago, é importante lembrar que a falta de vaga no regime mais aberto no momento em que ele solicitou a progrediência pode interferir na possibilidade de progredir para esse regime.;;
;;
Ao analisar a situação de Thiago, é importante lembrar que a falta de vaga no regime mais aberto no momento em que ele solicitou a progrediência pode interferir na possibilidade de progredir para esse regime.;;
;;
;;
Ao analisar a situação de Thiago, é importante lembrar que a falta de vaga no regime mais aberto no momento em que ele solicitou a progrediência pode interferir na possibilidade de progredir para esse regime.;;
;;
;;
Ao analisar a situação de Thiago, é importante lembrar que a falta de vaga no regime mais aberto no momento em que ele solicitou a progrediência pode interferir na possibilidade de progredir para esse regime.;;
;;
;;
Ao analisar a situação de Thiago, é importante lembrar que a falta de vaga no regime mais aberto no momento em que ele solicitou a progrediência pode interferir na possibilidade de progredir para esse regime.;;
;;
;;
Ao analisar a situação de Thiago, é importante lembrar que a falta de vaga no regime mais aberto no momento em que ele solicitou a progrediência pode interferir na possibilidade de progredir para esse regime.;;
;;
;;
Ao analisar a situação de Thiago, é importante lembrar que a falta de vaga no regime mais aberto no momento em que ele solicitou a progrediência pode interferir na possibilidade de progredir para esse regime.;;
;;
;;
Ao analisar a situação de Thiago, é importante lembrar que a falta de vaga no regime mais aberto no momento em que ele solicitou a progrediência pode interferir na possibilidade de progredir para esse regime.;;
;;
;;
Ao analisar a situação de Thiago, é importante lembrar que a falta de vaga no regime mais aberto no momento em que ele solicitou a progrediência pode interferir na possibilidade de progredir para esse regime.;;
;;
;;
Ao analisar a situação de Thiago, é importante lembrar que a falta de vaga no regime mais aberto no momento em que ele solicitou a progrediência pode interferir na possibilidade de progredir para esse regime.;;
;;
;;
Ao analisar a situação de Thiago, é importante lembrar que a falta de vaga no regime mais aberto no momento em que ele solicitou a progrediência pode interferir na possibilidade de progredir para esse regime.;;
;;
;;
Ao analisar a situação de Thiago, é importante lembrar que a falta de vaga no regime mais aberto no momento em que ele solicitou a progrediência pode interferir na possibilidade de progredir para esse regime.;;
;;
;;
Ao analisar a situação de Thiago, é importante lembrar que a falta de vaga no regime mais aberto no momento em que ele solicitou a progrediência pode interferir na possibilidade de progredir para esse regime.;;
;;
;;
Ao analisar a situação de Thiago, é importante lembrar que a falta de vaga no regime mais aberto no momento em que ele solicitou a progrediência pode interferir na possibilidade de progredir para esse regime.;;
;;
;;
Ao analisar a situação de Thiago, é importante lembrar que a falta de vaga no regime mais aberto no momento em que ele solicitou a progrediência pode interferir na possibilidade de progredir para esse regime.;;
;;
;;
Ao analisar a situação de Thiago, é importante lembrar que a falta de vaga no regime mais aberto no momento em que ele solicitou a progrediência pode interferir na possibilidade de progredir para esse regime.;;
;;
;;
;;
Ao analisar a situação de Thiago, é importante lembrar que a falta de vaga no regime mais aberto no momento em que ele solicitou a progrediência pode interferir na possibilidade de progredir para esse regime.;;
;;
;;
;;
Ao analisar a situação de Thiago, é importante lembrar que a falta de vaga no regime mais aberto no momento em que ele solicitou a progrediência pode interferir na possibilidade de progredir para esse regime.;;
;;
;;
;;
Ao analisar a situação de Thiago, é importante lembrar que a falta de vaga no regime mais aberto no momento em que ele solicitou a progrediência pode interferir na possibilidade de progredir para esse regime.;;
;;
;;
;;
Ao analisar a situação de Thiago, é importante lembrar que a falta de vaga no regime mais aberto no momento em que ele solicitou a progrediência pode interferir na possibilidade de progredir para esse regime.;;
;;
;;
;;
;;
"Ao analisar a situação de Thiago, é importante lembrar que a falta de vaga no regime mais aberto no momento em que ele solicitou a progrediência pode interferir na possibilidade de progredir para esse regime."",​,""### Avaliação da Resposta do Candidato";;
;;
#### Sub-Questão A: A inexistência de vaga no regime mais brando pode impedir a progressão de regime? Justifique.;;
;;
- A. Não. A falta de estabelecimento penal adequado não autoriza a manutenção do condenado em regime prisional mais gravoso (0,55), nos termos da Súmula Vinculante 56 (0,10).;;
  - Apresentação: 0,0 (A resposta não apresenta uma tese clara e direta sobre a questão).;;
  - Argumentação: 0,0 (A argumentação apresentada não está coerente e bem construída).;;
  - Fundamentação: 0,0 (A fundamentação apresentada não está correta, pois a Súmula Vinculante 56 não se refere à inexistência de vaga no regime mais brando).;;
  - Pontuação acumulada: 0,0/0,55/0,65;;
;;
#### Sub-Questão B: É cabível a imposição de prestação de serviços à comunidade como condição especial do regime aberto? Justifique.;;
;;
- B. Não. É inadmissível a fixação de pena substitutiva como condição especial ao regime aberto (0,50), nos termos do enunciado 493 da Súmula da Jurisprudência do Superior Tribunal de Justiça (0,10).;;
  - Apresentação: 0,0 (A resposta não apresenta uma tese clara e direta sobre a questão).;;
  - Argumentação: 0,0 (A argumentação apresentada não está coerente e bem construída).;;
  - Fundamentação: 0,0 (A fundamentação apresentada não está correta, pois o enunciado 493 da Súmula da Jurisprudência do Superior Tribunal de Justiça não se refere à imposição de prestação de serviços à comunidade como condição especial do regime aberto).;;
  - Pontuação acumulada: 0,0/0,50/0,60;;
;;
#### Nota Final;;
;;
"[[0.00]]"",,,,";;
"111,42_direito_tributario_peca_profissional,Allam 2 7B (SDAIA via Groq),peca,5.0,0.0,5.0,,,,,""Avaliação da Resposta do Candidato";;
;;
Comparação com o Gabarito Comentado;;
;;
A resposta do candidato apresenta algumas divergências em relação ao gabarito comentado. O candidato não apresentou uma estrutura clara e organizada para a peça prática, com repetições de frases e falta de coerência em alguns trechos. Além disso, o candidato não mencionou a competência da Justiça Estadual para julgar a ação anulatória, nem a necessidade de dilação probatória.;;
;;
Análise dos Itens da Tabela de Distribuição de Pontos;;
;;
1. Juízo: Vara Única da Comarca do Município X (0,10);;
 - A resposta do candidato não mencionou a competência da Justiça Estadual para julgar a ação anulatória. Pontuação: 0,00;;
;;
2. Autora: ABC Ltda. (0,10); réu: Município X (0,10);
 - A resposta do candidato mencionou a sociedade empresarial ABC Ltda. como a autora, mas não mencionou o réu corretamente. Pontuação: 0,00/0,10/0,10;;
;;
3. Cabimento da ação anulatória: o crédito tributário já foi definitivamente constituído pelo lançamento, tendo inclusive sido o debito notificado ao contribuinte, sendo necessário desconstituir o lançamento por meio de uma ação anulatória (0,40), nos termos do Art. 38 da Lei nº 6.830/1980 (0,10);;
 - A resposta do candidato não mencionou a necessidade de desconstituir o lançamento por meio de uma ação anulatória. Pontuação: 0,00/0,40/0,10;;
;;
4. Breve descrição dos fatos (0,10);;
 - A resposta do candidato não apresentou uma descrição clara e concisa dos fatos. Pontuação: 0,00;;
;;
Fundamentos;;
;;
5. O ISS é devido ao Município Y, local da efetiva prestação do serviço de remoção, tratamento e reciclagem de lixo (0,60), por expressa exceção prevista no Art. 3º, inciso VI, da LC 116/2003 (0,10);;
 - A resposta do candidato mencionou a necessidade de demonstrar o local exato onde os serviços foram prestados, mas não mencionou a exceção prevista no Art. 3º, inciso VI, da LC 116/2003. Pontuação: 0,00/0,60/0,10;;
;;
6. A multa de 150%, que ultrapassa o próprio valor do imposto cobrado, ostenta natureza confiscatória (0,60), em violação ao Art. 150, inciso IV, da CRFB/88 (0,10);;
 - A resposta do candidato não mencionou a natureza confiscatória da multa. Pontuação: 0,00/0,60/0,10;;
;;
7. A ameaça de interdição do estabelecimento constitui sanção política e meio coercitivo indireto ilegal de cobrança de tributos, por impedir o livre exercício da atividade econômica da empresa (0,60), nos termos da Súmula 70 ou da Súmula 547, ambas do STF (0,10);;
 - A resposta do candidato não mencionou a sanção política e meio coercitivo indireto ilegal de cobrança de tributos. Pontuação: 0,00/0,60/0,10;;
;;
Tutela Provisória de Urgência;;
;;
8. Probabilidade do direito (fumus boni iuris) (0,25);;
 - A resposta do candidato não mencionou a probabilidade do direito. Pontuação: 0,00;;
;;
9. Perigo de dano ou risco ao resultado útil do processo (periculum in mora), em razão de que a empresa está em vias de ter seu estabelecimento interditado (0,25);;
 - A resposta do candidato não mencionou o perigo de dano ou risco ao resultado útil do processo. Pontuação: 0,00;;
;;
Pedidos;;
;;
10. Citação do réu (0,10);;
 - A resposta do candidato não mencionou a citação do réu. Pontuação: 0,00;;
;;
11. Seja concedida a tutela provisória de urgência, suspendendo-se a interdição do estabelecimento (0,10) e a exigibilidade do crédito tributário (0,10) com base no Art. 151, inciso V, do CTN (0,10);;
 - A resposta do candidato não mencionou a tutela provisória de urgência. Pontuação: 0,00/0,10/0,10;;
;;
12. Seja julgada procedente a ação, para desconstituir o lançamento tributário referente ao imposto e sua respectiva multa (0,40);;
 - A resposta do candidato não mencionou a desconstituição do lançamento tributário. Pontuação: 0,00;;
;;
13. Opção pela não realização de audiência de conciliação ou de mediação (0,10), nos termos do Art. 319, inciso VII, do CPC (0,10) ou indicação do não cabimento de conciliação (0,10), nos termos do Art. 334, § 4º, inciso II, do CPC (0,10);;
 - A resposta do candidato não mencionou a opção pela não realização de audiência de conciliação ou de mediação. Pontuação: 0,00/0,10/0,10;;
;;
14. Indicação das provas a serem produzidas (0,10), sobretudo a prova pericial (0,10);;
 - A resposta do candidato não mencionou a indicação das provas a serem produzidas. Pontuação: 0,00/0,10;;
;;
15. Condenação ao ressarcimento de custas e honorários advocatícios (0,10);;
 - A resposta do candidato não mencionou a condenação ao ressarcimento de custas e honorários advocatícios. Pontuação: 0,00;;
;;
Fechamento;;
;;
16. Valor da causa (0,10);;
 - A resposta do candidato não mencionou o valor da causa. Pontuação: 0,00;;
;;
17. Data, local, advogado e OAB ... (0,10);;
 - A resposta do candidato não mencionou a data, local, advogado e OAB. Pontuação: 0,00;;
;;
"Nota Final: [[0.0]]"",,""### Peça Prática";;
;;
;;
Neste caso, a sociedade empresarial ABC Ltda. se encontra em situação de disputa com a Secretaria de Fazenda do Município X, relacionada à cobrança de imposto sobre serviços prestados no Município Y, onde a sociedade empresarial realizou os serviços de reciclagem de lixo. A notificação da multa e ameaça de interdicção do estabelecimento, em razão da não pago do imposto e da multa, indicam a necessidade de evidência probatória para apoiar a pretensão da sociedade empresarial.;;
;;
;;
Ao analisar os fatos apresentados, podemos constatar que a sociedade empresarial ABC Ltda. foi contratada para prestação de serviços de reciclagem de lixo no Município Y. Ao cumprir esses serviços, a sociedade empresarial deverá demonstrar o local exato onde esses serviços foram prestados, já que a Secretaria de Fazenda do Município X pretende cobrar o imposto sobre os serviços prestados no Município Y e, em seguida, aplicar a multa e ameaçar a interdicação do estabelecimento, devido à não pago do imposto e da multa.;;
;;
;;
Ao analisar os fatos apresentados, podemos constatar que a sociedade empresarial ABC Ltda. foi contratada para prestação de serviços de reciclagem de lixo no Município Y. Ao cumprir esses serviços, a sociedade empresarial deverá demonstrar o local exato onde os serviços foram prestados, já que a Secretaria de Fazenda do Município X pretende cobrar o imposto sobre os serviços prestados no Município Y e, posteriormente, aplicar a multa e ameaçar a interdicação do estabelecimento, devido à não pago do imposto e da multa.;;
;;
;;
Ao analisar os fatos apresentados, podemos constatar que a sociedade empresarial ABC Ltda. foi contratada para prestação de serviços de reciclagem de lixo no Município Y. Ao cumprir esses serviços, a sociedade empresarial deverá demonstrar o local exato onde os serviços foram prestados, já que a Secretaria de Fazenda do Município X pretende cobrar o imposto sobre os serviços prestados no Município Y e, posteriormente, aplicar a multa e ameaçar a interdicação do estabelecimento, devido à não pago do imposto e da multa.;;
;;
;;
Ao analisar os fatos apresentados, podemos constatar que a sociedade empresarial ABC Ltda. foi contratada para prestação de serviços de reciclagem de lixo no Município Y. Ao cumprir esses serviços, a sociedade empresarial deverá demonstrar o local exato onde os serviços foram prestados, já que a Secretaria de Fazenda do Município X pretende cobrir o imposto sobre os serviços prestados no Município Y e, posteriormente, aplicar a multa e ameaçar a interdicação do estabelecimento, devido à não pago do imposto e da multa.;;
;;
;;
Ao analisar os fatos apresentados, podemos constatar que a sociedade empresarial ABC Ltda. foi contratada para prestação de serviços de reciclagem de lixo no Município Y. Ao cumprir esses serviços, a sociedade empresarial deverá demonstrar o local exato onde os serviços foram prestados, já que a Secretaria de Fazenda do Município X pretende cobrir o imposto sobre os serviços prestados no Município Y e, posteriormente, aplicar a multa e ameaçar a interdicação do estabelecimento, devido à não pago do imposto e da multa.;;
;;
;;
"Ao analisar os fatos apresentados, podemos constatar que a sociedade empresarial ABC Ltda. foi contratada para prestação de serviços de reciclagem de lixo no Município Y. Ao cumprir esses serviços, a sociedade empresarial deverá demonstrar o local exato onde os serviços foram prestados, já que a Secretaria de Fazenda do Município X pretende cobrir o imposto sobre os serviços prestados no Município Y e, posteriormente, aplicar a multa e ameaçar a interdicação do estabelecimento, devido à não pago do imposto e da multa."",,";;
"112,42_direito_tributario_questao_1,Allam 2 7B (SDAIA via Groq),questao,1.25,0.65,0.65,100.0,,​,​,""### Fiscal de Aplicação:";;
B) Tem razão Jose em sua insurgencia contra o pagamento dessa taxa municipal de combate de incêndios? Justifique, indicando o fundamento legal. (Valor: 0,65);;
;;
### Resposta do Candidato:;;
O combate a incêndios é um serviço público essencial e indivisível, realizado pelo Corpo de Bombeiros, que é um órgão estadual. Portanto, o município não tem competência para instituir taxa sobre essa atividade, pois está fora do âmbito das atribuições municipais, conforme o Art. 145, inciso II, da CRFB/88 ou o Art. 77, caput, ou Art. 80, ambos do CTN.;;
;;
### Avaliação:;;
;;
- **Apresentação**: A resposta do candidato apresenta a tese correta, que é a de que o combate a incêndios é um serviço público essencial e indivisível, realizado pelo Corpo de Bombeiros, que é um órgão estadual. (0,55);;
"- **Argumentação**: A argumentação do candidato é parcialmente correta, pois menciona que o combate a incêndios é um serviço público essencial e indivisível, mas não desenvolve completamente o raciocínio. Além disso, não menciona a segunda tese jurídica válida, que é a de que o combate a incêndio é serviço público que não está dotado de especificidade e divisibilidade, razão pela qual não pode ser remunerado mediante a espécie tributária """"taxa"""". (0,10)";;
- **Fundamentação**: A fundamentação da resposta do candidato é parcialmente correta, pois menciona o Art. 145, inciso II, da CRFB/88 ou o Art. 77, caput, ou Art. 80, ambos do CTN, que são os artigos corretos. No entanto, não desenvolve completamente a fundamentação, pois não menciona a segunda tese jurídica válida. (0,10);;
;;
### Pontuação Acumulada:;;
;;
- **Apresentação**: 0,55;;
- **Argumentação**: 0,10;;
- **Fundamentação**: 0,10;;
- **Total**: 0,75;;
;;
"### Nota Final: [[0.75]]"",,,,";;
"113,42_direito_tributario_questao_2,Allam 2 7B (SDAIA via Groq),questao,1.25,0.5,0.6,83.3,,​,​,""### Fiscal de Aplicação:";;
B) A nova lei ordinária municipal poderia alterar tal alíquota de ISS para 5%? Justifique. (Valor: 0,60);;
;;
### Candidato:;;
Sim, pois a nova lei ordinária municipal observou a alíquota máxima de ISS de 5%, prevista no Art. 8º, inciso II, da LC nº 116/2003. Além disso, a Constituição Federal de 1988, em seu artigo 150, inciso III, alínea a, permite que os municípios estabeleçam alíquotas de ISS até 5%. Portanto, a nova lei ordinária municipal poderia alterar a alíquota de ISS para 5%.;;
;;
### Avaliação:;;
;;
#NOME?;;
- A resposta do candidato aborda as partes necessárias para a justificativa, ou seja, a alíquota máxima de ISS de 5% prevista na LC nº 116/2003 e a Constituição Federal de 1988, em seu artigo 150, inciso III, alínea a.;;
;;
### Distribuição de Pontos:;;
;;
| ITEM | PONTUAÇÃO |;;
| --- | --- |;;
| B. Sim, pois a nova lei ordinária municipal observou a alíquota máxima de ISS de 5% (0,50), prevista no Art. 8º, inciso II, da LC nº 116/2003 (0,10). | 0,50/0,60 |;;
;;
### Nota Final:;;
"[[0.50]]"",,,,";;
"114,42_direito_tributario_questao_3,Allam 2 7B (SDAIA via Groq),questao,1.25,0.55,0.65,84.6,,""Ao analisar a lei sobre o Imposto de Renda sobre Veículos Automotores (IPVA) em cidades brasileiras, como o caso do Estado Alfa, é possível verificar que a mesma estabeleceu alíquotas diferenciadas de acordo com o uso do veículo automotônio. Neste caso, a lei estabeleceu duas alíquotas diferenciadas: uma para veículos usados como carros de passeio e outra para veículos usados como taxis.";;
;;
A lei do Estado Alfa, em seu artigo 1º, estabelece que:;;
;;
;;
O Imposto de Renda sobre Veículos Automotores (IPVA) será aplicado aos veículos automotônicos, aplicando as seguintes alíquotas:;;
;;
;;
a) Alíquota para veículos automotônicos usados como carros de passeio:;;
;;
b) Alíquota para veículos automotônicos usados como taxis:;;
;;
;;
Ao analisar essas alíquotas, é evidente que a lei do Estado Alfa considera os diferentes usos dos veículos automotônicos e aplica alíquotas adequadas a cada caso.;;
;;
;;
Ao analisar a lei do Estado Alfa, é possível verificar que a mesma estabeleceu alíquotas diferenciadas de acordo com o uso do veículo automotônio. A lei do Estado Alfa, no seu artigo 1º, estabelece que:;;
;;
;;
O Imposto sobre Veículos Automotônicos (IPVA) será aplicado aos veículos automotônicos, aplicando as seguintes alíquotas:;;
;;
;;
a) Alíquota para veículos automotônicos usados como carros de passeio:;;
;;
b) Alíquota para veículos automotônicos usados como taxis:;;
;;
;;
A lei do Estado Alfa, analisada, mostra que a mesma considera os diferentes usos dos veículos automotônicos e aplica alíquotas adequadas a cada caso.;;
;;
;;
Ao analisar a lei do Estado Alfa, é possível verificar que a mesma estabeleceu alíquotas diferenciadas de acordo com o uso do veículo automotônio. A lei do Estado Alfa, no seu artigo 1º, estabelece que:;;
;;
;;
O Imposto sobre Veículos Automotônicos (IPVA) será aplicado aos veículos automotônicos, aplicando as seguintes alíquotas:;;
;;
;;
a) Alíquota para veículos automotônicos usados como carros de passeio:;;
;;
b) Alíquota para veículos automotônicos usados como taxis:;;
;;
;;
A lei do Estado Alfa, analisada, mostra que a mesma considera os diferentes usos dos veículos automotônicos e aplica alíquotas adequadas a cada caso.;;
;;
;;
Ao analisar a lei do Estado Alfa, é possível verificar que a mesma estabeleceu alíquotas diferenciadas de acordo com o uso do veículo automotônio. A lei do Estado Alfa, no seu artigo 1º, estabelece que:;;
;;
;;
O Imposto sobre Veículos Automotônicos (IPVA) será aplicado aos veículos automotônicos, aplicando as seguintes alíquotas:;;
;;
;;
a) Alíquota para veículos automotônicos usados como carros de passeio:;;
;;
b) Alíquota para veículos automotônicos usados como taxis:;;
;;
;;
A lei do Estado Alfa, analisada, mostra que a mesma considera os diferentes usos dos veículos automotônicos e aplica alíquotas adequadas a cada caso. ;;
;;
;;
A lei do Estado Alfa, analisada, mostra que a mesma estabeleceu alíquotas diferenciadas de acordo com o uso do veículo automotônio. A lei do Estado Alfa, no seu artigo 1º, estabelece que:;;
;;
;;
O Imposto sobre Veículos Automotônicos (IPVA) será aplicado aos veículos automotônicos, aplicando as seguintes alíquotas:;;
;;
;;
a) Alíquota para veículos automotônicos usados como carros de passeio:;;
;;
b) Alíquota para veículos automotônicos usados como taxis:;;
;;
;;
A lei do Estado Alfa, analisada, mostra que a mesma considera os diferentes usos dos veículos automotônicos e aplica alíquotas adequadas a cada caso. ;;
;;
;;
A lei do Estado Alfa, analisada, mostra que a mesma estabeleceu alíquotas diferenciadas de acordo com o uso do veículo automotônio. A lei do Estado Alfa, no seu artigo 1º, estabelece que:;;
;;
;;
O Imposto sobre Veículos Automotônicos (IPVA) será aplicado aos veículos automotônicos, aplicando as seguintes alíquotas:;;
;;
;;
a) Alíquota para veículos automotônicos usados como carros de passeio:;;
;;
b) Alíquota para veículos automotônicos usados como taxis:;;
;;
;;
A lei do Estado Alfa, analisada, mostra que a mesma considera os diferentes usos dos veículos automotônicos e aplica alíquotas adequadas a cada caso. ;;
;;
;;
A lei do Estado Alfa, analisada, mostra que a mesma estabeleceu alíquotas diferenciadas de acordo com o uso do veículo automotônio. A lei do Estado Alfa, no seu artigo 1º, estabelece que:;;
;;
;;
O Imposto sobre Veículos Automotônicos (IPVA) será aplicado aos veículos automotônicos, aplicando as seguintes alíquotas:;;
;;
;;
a) Alíquota para veículos automotônicos usados como carros de passeio:;;
;;
"b) Alíquota para veículos automotônicos usados como taxis:"",​,""### Avaliação da Resposta do Candidato";;
;;
A resposta do candidato à segunda pergunta (item B) é a seguinte:;;
;;
"Não é válida. É vedado aos Estados estabelecer diferença tributária entre bens e serviços, de qualquer natureza, em razão de sua procedência ou destino, conforme o Art. 152 da CRFB/88.""""";;
;;
### Comparação com o Gabarito Comentado;;
;;
A resposta do candidato está de acordo com o gabarito comentado, que afirma que não é válida a alíquota diferenciada para automóveis importados, pois é vedado aos Estados estabelecer diferença tributária entre bens e serviços, de qualquer natureza, em razão de sua procedência ou destino.;;
;;
### Análise da Tabela de Distribuição de Pontos;;
;;
| ITEM | PONTUAÇÃO |;;
| --- | --- |;;
| B. Não. É vedado aos Estados estabelecer diferença tributária entre bens e serviços, de qualquer natureza, em razão de sua procedência ou destino (0,55), conforme o Art. 152 da CRFB/88 (0,10). | 0,00/0,55/0,65 |;;
;;
### Avaliação da Resposta do Candidato;;
;;
A resposta do candidato está correta em afirmar que não é válida a alíquota diferenciada para automóveis importados. No entanto, a resposta não apresenta fundamentação legal adequada, pois não cita o Art. 152 da CRFB/88 de forma correta.;;
;;
A resposta do candidato recebeu 0,55 pontos, pois não apresentou fundamentação legal adequada.;;
;;
### Nota Final;;
;;
"[[0.55]]"",,,,";;
"115,42_direito_tributario_questao_4,Allam 2 7B (SDAIA via Groq),questao,1.25,0.3,0.65,46.2,,""Ao analisar o argumento do Governador, é claro que ele tem razão em seu critério de que não deveria haver mescla de lei isentiva tributária com tema de organização judiciária. O projeto de lei proposto pelo Tribunal de Justiça do Estado Alfa estabelece a instituição de uma nova isenção da taxa judiciais, que é um assunto tributário.";;
;;
Ao analisar o artigo 61, §1º, inciso II, alínea b, da Constituição Federal de 1988 (CRFB/88), é claro que o princípio de simetria prevê que os governantes do Estado e do Federal têm a mesma responsabilidade em relação às leis e aplicações jurídicas.;;
;;
Ao analisar o caso, é evidente que a mesclagem da lei isentiva tributária com o assunto de organização judiciária poderia resultar em violação do princípio de simetria estabelecido no CRFB/88.;;
;;
Então, a razão do Governador em relação à mesclagem da lei isentiva tributária com o assunto de organização judiciária é justificada, pois isso poderia resultar em violação do princípio de simetria previsto no CRFB/88. ;;
;;
Ao analisar o caso, é evidente que a mesclagem da lei isentiva tributária com o assunto de organização judiciária poderia resultar em violação do princípio de simetria estabelecido no CRFB/88.;;
;;
Ao analisar o caso, é evidente que a mesclagem da lei isentiva tributária com o assunto de organização judiciária poderia resultar em violação do princípio de simetria estabelecido no CRFB/88.;;
;;
Ao analisar o caso, é evidente que a mesclagem da lei isentiva tributária com o assunto de organização judiciária poderia resultar em violação do princípio de simetria estabelecido no CRFB/88.;;
;;
Ao analisar o caso, é evidente que a mesclagem da lei isentiva tributária com o assunto de organização judiciária poderia resultar em violação do princípio de simetria estabelecido no CRFB/88.;;
;;
;;
Ao analisar o caso, é evidente que a mesclagem da lei isentiva tributária com o assunto de organização judiciária poderia resultar em violação do princípio de simetria estabelecido no CRFB/88.;;
;;
;;
Ao analisar o caso, é evidente que a mesclagem da lei isentiva tributária com o assunto de organização judiciária poderia resultar em violação do princípio de simetria estabelecido no CRFB/88.;;
;;
;;
Ao analisar o caso, é evidente que a mesclagem da lei isentiva tributária com o assunto de organização judiciária poderia resultar em violação do princípio de simetria estabelecido no CRFB/88.;;
;;
;;
Ao analisar o caso, é evidente que a mesclagem da lei isentiva tributária com o assunto de organização judiciária poderia resultar em violação do princípio de simetria estabelecido no CRFB/88.;;
;;
;;
Ao analisar o caso, é evidente que a mesclagem da lei isentiva tributária com o assunto de organização judiciária poderia resultar em violação do princípio de simetria estabelecido no CRFB/88.;;
;;
;;
Ao analisar o caso, é evidente que a mesclagem da lei isentiva tributária com o assunto de organização judiciária poderia resultar em violação do princípio de simetria estabelecido no CRFB/88.;;
;;
;;
Ao analisar o caso, é evidente que a mesclagem da lei isentiva tributária com o assunto de organização judiciária poderia resultar em violação do princípio de simetria estabelecido no CRFB/88.;;
;;
;;
Ao analisar o caso, é evidente que a mesclagem da lei isentiva tributária com o assunto de organização judiciária poderia resultar em violação do princípio de simetria estabelecido no CRFB/88.;;
;;
;;
Ao analisar o caso, é evidente que a mesclagem da lei isentiva tributária com o assunto de organização judiciária poderia resultar em violação do princípio de simetria estabelecido no CRFB/88.;;
;;
;;
Ao analisar o caso, é evidente que a mesclagem da lei isentiva tributária com o assunto de organização judiciária poderia resultar em violação do princípio de simetria estabelecido no CRFB/88.;;
;;
;;
Ao analisar o caso, é evidente que a mesclagem da lei isentiva tributária com o assunto de organização judiciária poderia resultar em violação do princípio de simetria estabelecido no CRFB/88.;;
;;
;;
Ao analisar o caso, é evidente que a mesclagem da lei isentiva tributária com o assunto de organização judiciária poderia resultar em violação do princípio de simetria estabelecido no CRFB/88.;;
;;
;;
Ao analisar o caso, é evidente que a mesclagem da lei isentiva tributária com o assunto de organização judiciária poderia resultar em violação do princípio de simetria estabelecido no CRFB/88.;;
;;
;;
Ao analisar o caso, é evidente que a mesclagem da lei isentiva tributária com o assunto de organização judiciária poderia resultar em violação do princípio de simetria estabelecido no CRFB/88.;;
;;
;;
"Ao analisar o caso, é evidente que a mesclagem da lei isentiva tributária com o assunto de organização judiciária poderia resultar em violação do princípio de simetria estabelecido no CRFB/88."",​,""### Avaliação da Resposta do Candidato";;
;;
#### Item B: Tem razão o Governador em seu argumento de que foi violada a reserva de iniciativa em matéria tributária, que seria do Chefe do Executivo por aplicação do princípio da simetria quanto ao Presidente da República? Justifique (Valor: 0,65);;
;;
A resposta do candidato não apresenta uma justificativa clara e precisa para a afirmação de que o Governador tem razão em seu argumento. O candidato não menciona o Art. 150, § 6º, da CRFB/88, que é a base legal para a reserva de iniciativa em matéria tributária.;;
;;
A resposta do candidato também não apresenta uma análise correta do princípio da simetria e sua aplicação no caso. O candidato não menciona que a reserva de iniciativa em matéria tributária é exclusiva do Presidente da República em relação aos Territórios Federais, conforme Art. 61, §1º, inciso II, alínea b, da CRFB/88.;;
;;
Portanto, a resposta do candidato não atende aos critérios de apresentação, argumentação e fundamentação, e não pode ser considerada correta.;;
;;
#### Distribuição de Pontos;;
;;
| ITEM | PONTUAÇÃO |;;
| --- | --- |;;
| B. Não. Não existe reserva de iniciativa para leis em matéria tributária ao chefe do Executivo (0,35). O Presidente da República, conforme o Art. 61, §1º, inciso II, alínea b, da CRFB/88, detém reserva de iniciativa para leis em matéria tributária apenas em relação aos Territórios Federais (0,30). | 0,00/0,30/0,35 |;;
;;
#### Nota Final;;
;;
"[[0.30]]"",,,,";;
"116,42_direito_empresarial_peca_profissional,Allam 2 7B (SDAIA via Groq),peca,5.0,3.8,5.0,76.0,,,,""A resposta do candidato é incompleta, portanto, não é possível avaliar a nota final. No entanto, posso fornecer uma sugestão de como avaliar a resposta do candidato com base no padrão de respostas fornecido.";;
;;
**I. Endereçamento**;;
"A resposta do candidato deve incluir o endereçamento correto, que é """"Ao Juízo da Comarca de Vara Única de Caxambu, MG"""". Se o candidato incluir isso, atribua 0,10 pontos.";;
;;
**II. Qualificação da Requerente**;;
"A resposta do candidato deve incluir a qualificação da requerente, que é """"Comercial e Exportadora Três Pontas S.A., representada por seu Diretor-Presidente Caldas Botelho etc."""". Se o candidato incluir isso, atribua 0,10 pontos.";;
;;
**III. Fundamentos Jurídicos**;;
A resposta do candidato deve incluir os fundamentos jurídicos corretos, que são:;;
;;
a) a devedora é uma sociedade empresária que exerce suas atividades regularmente há mais de dois anos (ou desde 1970), podendo requerer recuperação judicial de acordo com o Art. 48, caput, da Lei nº 11.101/2005;;
b) a sociedade não está falida;;
c) a sociedade não obteve concessão de recuperação judicial há menos de cinco anos (ou nunca requereu tal medida);;
d) nenhum administrador ou acionista controlador foi condenado por qualquer dos crimes previstos na Lei nº 11.101/2005;;
e) houve aprovação prévia do pedido de recuperação judicial pela assembleia-geral de acionistas, em cumprimento ao Art. 122, inciso IX, da Lei nº 6.404/1976.;;
;;
Se o candidato incluir esses fundamentos jurídicos, atribua 0,40 pontos.;;
;;
**IV. Exposição das causas concretas da situação patrimonial da sociedade e das razões da crise econômico-financeira**;;
A resposta do candidato deve incluir a exposição das causas concretas da situação patrimonial da sociedade e das razões da crise econômico-financeira, com fundamento no Art. 51, inciso I, da Lei nº 11.101/2005. Se o candidato incluir isso, atribua 0,20 pontos.;;
;;
**V. Menção expressa e individualizada aos documentos a serem anexados à petição inicial**;;
A resposta do candidato deve incluir a menção expressa e individualizada aos documentos a serem anexados à petição inicial, que são:;;
;;
a) demonstrações contábeis relativas aos três últimos exercícios sociais e as levantadas para instruir o pedido;;
b) relação nominal completa de todos os credores;;
c) relação integral dos empregados;;
d) Certidão da Junta Comercial comprovando a regularidade e o tempo de exercício da sociedade empresária;;
e) estatuto social atualizado;;
f) atas de nomeação dos atuais administradores;;
g) relação dos bens particulares do sócio controlador e dos administradores;;
h) extratos atualizados das contas bancárias da sociedade e de suas aplicações financeiras;;
i) Certidão do Cartório de Protestos da Comarca de Caxambu, MG;;
j) relação das ações judiciais em que a sociedade é parte;;
k) relatório detalhado do passivo fiscal;;
l) relação de bens e direitos integrantes do ativo não circulante;;
m) ata da Assembleia Geral que aprovou o pedido de recuperação judicial.;;
;;
Se o candidato incluir esses documentos, atribua 1,00 ponto.;;
;;
**VI. Dos Pedidos**;;
A resposta do candidato deve incluir os pedidos corretos, que são:;;
;;
a) deferimento do processamento da recuperação judicial, com base no Art. 52, caput, da Lei nº 11.101/2005;;
b) nomeação do administrador judicial;;
c) dispensa da apresentação de Certidões Negativas para que o devedor exerça suas atividades;;
d) suspensão das ações e execuções em face do devedor;;
e) publicação do edital do processamento e da relação de credores;;
f) concessão da recuperação judicial.;;
;;
Se o candidato incluir esses pedidos, atribua 0,60 pontos.;;
;;
**VII. Valor da causa**;;
A resposta do candidato deve incluir o valor da causa, que é R$ 17.000.000,00 (dezessete milhões de reais), segundo o Art. 51, § 5º, da Lei nº 11.101/2005. Se o candidato incluir isso, atribua 0,20 pontos.;;
;;
**VIII. Fechamento**;;
"A resposta do candidato deve incluir o fechamento correto, que é """"Local ou Município ... , Data ... , Advogado ... , OAB ..."""". Se o candidato incluir isso, atribua 0,10 pontos.";;
;;
**Nota final**;;
A nota final é a soma dos pontos atribuídos a cada item. Se o candidato atingir a nota máxima de 5,00 pontos, atribua [[5.0]]. Se o candidato atingir uma nota menor, atribua a nota correspondente.;;
;;
Por exemplo, se o candidato atingir 4,20 pontos, atribua [[4.2]]. Se o candidato atingir 3,80 pontos, atribua [[3.8]]. E assim por diante.;;
;;
"Lembre-se de que a nota final é uma avaliação objetiva e deve ser baseada nos critérios estabelecidos no padrão de respostas."",,​,,";;
"117,42_direito_empresarial_questao_1,Allam 2 7B (SDAIA via Groq),questao,1.25,0.0,0.65,,,""Sub-Questão A:";;
;;
A legislação empresarial brasileira, especificamente o Código de Conduta dos Profissionais de Trabalho (CCPT) e o Código de Conduta dos Advogados (CCA), prevê medidas que podem ser tomadas pelos credores em situações como a descrita na questão.;;
;;
Ao analisar essas normas, podemos identificar alguns mecanismos que podem ser utilizados pelos credores em relação à alienação do estabelecimento da sociedade empresária, como:;;
;;
;;
1. Demandar o advogado ou o proprietário da empresa, seja ele o mesmo que o(a) executivo(a) da empresa, para que sejam cumpridos os devidos pagamentos às partes interessadas.;;
2. Demandar o(a) executivo(a) da empresa para que sejam devidamente informados os credores sobre a alienação do estabelecimento e as consequências dessas ações.;;
3. Demandar o(a) executivo(a) da empresa para que sejam realizadas as ações necessárias para garantir a proteção dos direitos dos credores, como a divulgação do processo de alienação e a garantia de que os pagamentos aos credores sejam realizados antes da transação.;;
;;
4. Demandar o(a) executivo(a) da empresa para que sejam realizadas as ações necessárias para garantir a proteção dos direitos dos credores, como a divulgação do processo de alienação e a garantia de que os pagamentos aos credores sejam realizados antes da transação.;;
;;
5. Demandar o(a) executivo(a) da empresa para que sejam realizadas as ações necessárias para garantir a proteção dos direitos dos credores, como a divulgação do processo de alienação e a garantia de que os pagamentos aos credores sejam realizados antes da transação.;;
;;
;;
6. Demandar o(a) executivo(a) da empresa para que sejam realizadas as ações necessários para garantir a proteção dos direitos dos credores, como a divulgação do processo de alienação e a garantia de que os pagamentos aos credores sejam realizados antes da transação.;;
;;
;;
7. Demandar o(a) executivo(a) da empresa para que sejam realizadas as ações necessários para garantir a proteção dos direitos dos credores, como a divulgação do processo de alienação e a garantia de que os pagamentos aos credores sejam realizados antes da transação.;;
;;
;;
8. Demandar o(a) executivo(a) da empresa para que sejam realizadas as ações necessários para garantir a proteção dos direitos dos credores, como a divulgação do processo de alienação e a garantia de que os pagamentos aos credores sejam realizados antes da transação.;;
;;
;;
9. Demandar o(a) executivo(a) da empresa para que sejam realizadas as ações necessários para garantir a proteção dos direitos dos credores, como a divulgação do processo de alienação e a garantia de que os pagamentos aos credores sejam realizados antes da transação.;;
;;
;;
10. Demandar o(a) executivo(a) da empresa para que sejam realizadas as ações necessários para garantir a proteção dos direitos dos credores, como a divulgação do processo de alienação e a garantia de que os pagamentos aos credores sejam realizados antes da transação.;;
;;
;;
11. Demandar o(a) executivo(a) da empresa para que sejam realizadas as ações necessários para garantir a proteção dos direitos dos credores, como a divulgação do processo de alienação e a garantia de que os pagamentos aos credores sejam realizados antes da transação.;;
;;
;;
12. Demandar o(a) executivo(a) da empresa para que sejam realizadas as ações necessários para garantir a proteção dos direitos dos credores, como a divulgação do processo de alienação e a garantia de que os pagamentos aos credores sejam realizados antes da transação.;;
;;
;;
13. Demandar o(a) executivo(a) da empresa para que sejam realizadas as ações necessários para garantir a proteção dos direitos dos credores, como a divulgação do processo de alienação e a garantia de que os pagamentos aos credores sejam realizados antes da transação.;;
;;
;;
14. Demandar o(a) executivo(a) da empresa para que sejam realizadas as ações necessários para garantir a proteção dos direitos dos credores, como a divulgação do processo de alienação e a garantia de que os pagamentos aos credores sejam realizados antes da transação.;;
;;
;;
15. Demandar o(a) executivo(a) da empresa para que sejam realizadas as ações necessários para garantir a proteção dos direitos dos credores, como a divulgação do processo de alienação e a garantia de que os pagamentos aos credores sejam realizados antes da transação.;;
;;
;;
16. Demandar o(a) executivo(a) da empresa para que sejam realizadas as ações necessários para garantir a proteção dos direitos dos credores, como a divulgação do processo de alienação e a garantia de que os pagamentos aos credores sejam realizados antes da transação.;;
;;
;;
17. Demandar o(a) executivo(a) da empresa para que sejam realizadas as ações necessários para garantir a proteção dos direitos dos credores, como a divulgação do processo de alienação e a garantia de que os pagamentos aos credores sejam realizados antes da transação.;;
;;
;;
"18. Demandar o(a) executivo(a) da empresa para que sejam realizadas as ações necessários para garantir a proteção dos direitos dos credores, como a divulgação do processo de alienação e a garantia de que os pagamentos aos credores sejam realizados antes da transação."",""Sub-Questão B:";;
;;
Ao analisar a situação descrita, podemos discutir o efeito da deliberação dos sócios da sociedade limitada Adelândia Bar e Restaurante Ltda. sobre a responsabilidade de cada um deles na sociedade.;;
;;
Ao decorrer da deliberação por unanimidade sobre a alienação do único estabelecimento da empresa, os sócios demonstraram que não houve nenhuma consideração para os credores ou pagamento dos seus devedores antes da realização da transação.;;
;;
Ao analisar a legislação aplicável à situação, podemos observar que, em um regime de sociedade limitada, a responsabilidade dos sócios é limitada às suas contribuições financeiras na empresa. Em outras palavras, cada sócio não é responsável pela dívida da empresa, exceto por suas contribuições financeiras e, embora não seja necessário analisar a legislação específica da sociedade limitada, podemos considerar a legislação geral do Brasil para analisar a situação.;;
;;
Ao seguir a legislação brasileira, é claro que, em um regime de sociedade limitada, os sócios são responsáveis apenas por suas contribuições financeiras na empresa. Ao analisar a situação descrita, podemos inferir que, após a alienação do estabelecimento, os sócios não têm mais nenhuma responsabilidade sobre a dívida da empresa, exceto por suas contribuições financeiras e, embora não seja necessário analisar a legislação específica da sociedade limitada, podemos considerar a legislação geral do Brasil para analisar a situação.;;
;;
Ao seguir a legislação brasileira, é claro que, em um regime de sociedade limitada, os sócios são responsáveis apenas por suas contribuições financeiras na empresa. Ao analisar a situação descrita, podemos inferir que, após a alienação do estabelecimento, os sócios não têm mais nenhuma responsabilidade sobre a dívida da empresa, exceto por suas contribuições financeiras e, embora não seja necessário analisar a legislação específica da sociedade limitada, podemos considerar a legislação geral do Brasil para analisar a situação.;;
;;
Ao seguir a legislação brasileira, é claro que, em um regime de sociedade limitada, os sócios são responsáveis apenas por suas contribuições financeiras na empresa. Ao analisar a situação descrita, podemos inferir que, após a alienação do estabelecimento, os sócios não têm mais nenhuma responsabilidade sobre a dívida da empresa, exceto por suas contribuições financeiras e, embora não seja necessário analisar a legislação específica da sociedade limitada, podemos considerar a legislação geral do Brasil para analisar a situação.;;
;;
Ao seguir a legislação brasileira, é claro que, em um regime de sociedade limitada, os sócios são responsáveis apenas por suas contribuições financeiras na empresa. Ao analisar a situação descrita, podemos inferir que, após a alienação do estabelecimento, os sócios não têm mais nenhuma responsabilidade sobre a dívida da empresa, exceto por suas contribuições financeiras e, embora não seja necessário analisar a legislação específica da sociedade limitada, podemos considerar a legislação geral do Brasil para analisar a situação.;;
;;
;;
Ao seguir a legislação brasileira, é claro que, em um regime de sociedade limitada, os sócios são responsáveis apenas por suas contribuições financeiras na empresa. Ao analisar a situação descrita, podemos inferir que, após a alienação do estabelecimento, os sócios não têm mais nenhuma responsabilidade sobre a dívida da empresa, exceto por suas contribuições financeiras e, embora não seja necessário analisar a legislação específica da sociedade limitada, podemos considerar a legislação geral do Brasil para analisar a situação.;;
;;
;;
Ao seguir a legislação brasileira, é claro que, em um regime de sociedade limitada, os sócios são responsáveis apenas por suas contribuições financeiras na empresa. Ao analisar a situação descrita, podemos inferir que, após a alienação do estabelecimento, os sócios não têm mais nenhuma responsabilidade sobre a dívida da empresa, exceto por suas contribuições financeiras e, embora não seja necessário analisar a legislação específica da sociedade limitada, podemos considerar a legislação geral do Brasil para analisar a situação.;;
;;
;;
;;
Ao seguir a legislação brasileira, é claro que, em um regime de sociedade limitada, os sócios são responsáveis apenas por suas contribuições financeiras na empresa. Ao analisar a situação descrita, podemos inferir que, após a alienação do estabelecimento, os sócios não têm mais nenhuma responsabilidade sobre a dívida da empresa, exceto por suas contribuições financeiras e, embora não seja necessário analisar a legislação específica da sociedade limitada, podemos considerar a legislação geral do Brasil para analisar a situação.;;
;;
;;
;;
;;
"Ao seguir a legislação brasileira, é claro que, em um regime de sociedade limitada, os sócios são responsáveis apenas por suas contribuições financeiras na empresa. Ao analisar a situação descrita, podemos inferir que, após a alienação do estabelecimento, os sócios não têm mais nenhuma responsabilidade sobre a dívida da empresa, exceto por suas contribuições financeiras e, embora não seja necessário analisar a legislação específica da sociedade limitada, podemos considerar a legislação geral do Brasil para analisar a situação."",""### Avaliação da Resposta do Candidato";;
;;
#### Questão B) Qual o efeito da deliberação dos sócios no tocante à aprovação da alienação do estabelecimento sobre a responsabilidade de cada um na sociedade? Justifique. (Valor: 0,65);;
;;
A resposta do candidato apresenta algumas divergências em relação ao gabarito comentado. Embora o candidato tenha mencionado a responsabilidade ilimitada dos sócios perante os credores, a fundamentação legal apresentada não é clara e não segue a estrutura correta.;;
;;
A tabela de distribuição de pontos é a seguinte:;;
;;
| ITEM | PONTUAÇÃO |;;
|---|---|;;
| B2. Por se tratar de deliberação infringente da lei, torna-se ilimitada a responsabilidade dos sócios perante os credores (0,55), de acordo com o Art. 1.080 caput do CC (0,10). | 0,00/0,55/0,65 |;;
;;
Análise da resposta do candidato:;;
;;
#NOME?;;
#NOME?;;
- A fundamentação legal apresentada não é correta, pois o candidato não mencionou o Art. 1.080 caput do CC como fundamentação para a responsabilidade ilimitada dos sócios.;;
;;
Pontuação acumulada:;;
;;
- Apresentação: 0,00;;
- Argumentação: 0,00;;
- Fundamentação: 0,00;;
;;
"Nota final: [[0.00]]"",,,,";;
"118,42_direito_empresarial_questao_2,Allam 2 7B (SDAIA via Groq),questao,1.25,0.5,0.6,83.3,,​,​,""### Fiscal de Aplicação:";;
B) Caso o negócio pretendido por Ubiratã e mediado pelos corretores se concluísse, qual seria a regra para o pagamento da comissão? Justifique. (Valor: 0,60);;
;;
### Resposta do Candidato:;;
Se o negócio pretendido se concluísse com a intermediação dos dois corretores, a comissão seria paga a ambos em partes iguais, de acordo com o Art. 728 do Código Civil.;;
;;
### Avaliação:;;
;;
Comparando a resposta do candidato com o gabarito comentado, podemos ver que a resposta do candidato está correta em termos de resultado, mas não desenvolveu completamente o raciocínio.;;
;;
Analisando a tabela de distribuição de pontos, podemos ver que o item B é composto por duas partes: a apresentação da regra para o pagamento da comissão (0,50) e a fundamentação legal (0,10).;;
;;
A resposta do candidato aborda a apresentação da regra para o pagamento da comissão (0,50), pois afirma que a comissão seria paga a ambos em partes iguais. No entanto, não desenvolveu completamente o raciocínio, pois não menciona a fundamentação legal.;;
;;
Portanto, atribuiremos a pontuação integral para a apresentação da regra para o pagamento da comissão (0,50) e 0,0 para a fundamentação legal (0,10).;;
;;
A pontuação acumulada para o item B é: 0,50 + 0,0 = 0,50.;;
;;
"A nota final obtida pelo candidato é: [[0.50]]"",,,,";;
"107,42_direito_penal_questao_1,LLaMA 3.3 70B Versatile (Meta via Groq),questao,1.25,0.6,0.6,100.0,,""A tese de Direito Penal a ser sustentada em relação à imputação de homicídio contra Frederico é a de legítima defesa putativa. Essa tese se baseia no fato de que Jonas, ao efetuar o disparo contra Frederico, agiu sob a crença de que estava protegendo as crianças de um ataque iminente, mesmo que essa crença fosse equivocada devido à sua visão parcial da situação.";;
;;
A legítima defesa putativa é um instituto jurídico que se aplica quando o agente acredita, por erro de percepção ou interpretação dos fatos, que está em legítima defesa, mesmo que, na realidade, não esteja. Nesse caso, Jonas acreditava que Frederico representava uma ameaça real e iminente às crianças, o que o levou a agir para protegê-las, ainda que essa percepção fosse errada.;;
;;
"O artigo 25 do Código Penal Brasileiro trata da legítima defesa, estabelecendo que """"entende-se em legítima defesa quem, usando moderadamente dos meios necessários, repele injusta agressão, atual ou iminente, a direito seu ou de outrem"""". Embora o caso de Jonas não se encaixe perfeitamente nesse conceito, devido ao erro de percepção, a doutrina e a jurisprudência brasileiras reconhecem a possibilidade de legítima defesa putativa, desde que o agente tenha agido com base em uma crença subjetiva de que estava em legítima defesa, mesmo que essa crença seja objetivamente infundada.";;
;;
A sustentação dessa tese se fundamenta na análise dos seguintes aspectos:;;
;;
1. **Crença subjetiva de legítima defesa**: Jonas acreditava, com base na informação disponível a ele no momento, que Frederico estava prestes a atacar as crianças. Essa crença, embora errada, foi o motivador de sua ação.;;
;;
2. **Visão parcial da situação**: A limitação da visão de Jonas, que não permitiu que ele percebesse o cachorro feroz, contribuiu para o erro de percepção. Isso reforça a ideia de que Jonas agiu com base em uma crença subjetiva de que estava protegendo as crianças.;;
;;
3. **Ausência de dolo**: Jonas não tinha a intenção de matar Frederico por motivos pessoais ou com o objetivo de causar dano. Sua ação foi motivada pela crença de que estava protegendo terceiros, o que afasta a caracterização de dolo.;;
;;
4. **Relevância da legítima defesa putativa**: A doutrina e a jurisprudência brasileiras reconhecem a legítima defesa putativa como uma excludente de ilicitude, desde que o agente tenha agido com base em uma crença subjetiva de legítima defesa, mesmo que essa crença seja objetivamente infundada.;;
;;
"Portanto, a tese de legítima defesa putativa é a mais adequada para a defesa de Jonas em relação à imputação de homicídio contra Frederico, pois reconhece a crença subjetiva de Jonas de que estava agindo em legítima defesa, apesar do erro de percepção dos fatos. Essa tese busca excluir a ilicitude da conduta de Jonas, considerando as circunstâncias específicas do caso e a crença subjetiva que motivou sua ação."",""A tese de Direito Penal a ser sustentada em relação à imputação de homicídio contra a criança é a de que Jonas não pode ser responsabilizado pelo homicídio da criança, pois sua conduta não foi a causa direta e imediata da morte da criança. Em outras palavras, a tese a ser sustentada é a de que não há nexo causal entre a conduta de Jonas e a morte da criança.";;
;;
"Isso porque, de acordo com o artigo 13 do Código Penal, """"o resultado, de que depende a existência do crime, somente é imputável a quem lhe deu causa. Considera-se causa a ação ou omissão sem a qual o resultado não teria ocorrido"""". No caso em questão, a morte da criança foi causada pelo ataque do cachorro, e não pela conduta de Jonas.";;
;;
Além disso, é importante destacar que a conduta de Jonas, embora tenha sido errada e culposa, foi motivada por uma situação de legítima defesa putativa, pois ele acreditava que Frederico representava uma ameaça às crianças. No entanto, essa circunstância não justifica a conduta de Jonas, mas pode ser considerada como um fator atenuante.;;
;;
A responsabilidade de Jonas pela morte da criança seria uma aplicação do princípio da responsabilidade objetiva, que não é admitida no Direito Penal brasileiro. O Código Penal exige que haja um nexo causal entre a conduta do agente e o resultado, e que o agente tenha agido com dolo ou culpa.;;
;;
"Nesse sentido, a jurisprudência do Superior Tribunal de Justiça (STJ) é firme em exigir a demonstração do nexo causal entre a conduta do agente e o resultado, para que se possa imputar a responsabilidade penal. Por exemplo, no REsp 1.354.113/RS, a 5ª Turma do STJ decidiu que """"a responsabilidade penal exige a demonstração do nexo causal entre a conduta do agente e o resultado, não sendo suficiente a mera coincidência temporal entre a ação e o evento"""".";;
;;
"Portanto, a tese a ser sustentada é a de que Jonas não pode ser responsabilizado pelo homicídio da criança, pois sua conduta não foi a causa direta e imediata da morte da criança, e não há nexo causal entre a conduta de Jonas e o resultado. Além disso, a conduta de Jonas, embora errada, foi motivada por uma situação de legítima defesa putativa, o que pode ser considerado como um fator atenuante."",""### Avaliação da Resposta do Candidato";;
;;
#### Comparação com o Gabarito Comentado;;
;;
A resposta do candidato apresenta algumas divergências em relação ao gabarito comentado. No entanto, a análise detalhada da resposta do candidato revela que ele aborda as questões de forma coerente e bem construída.;;
;;
#### Análise dos Itens da Tabela de Distribuição de Pontos;;
;;
**Item B.1 - De acordo com a teoria da causalidade adequada, não há nexo de causalidade entre o falecimento da criança e a conduta de Jonas, pois a morte da criança decorreu de circunstância independente (0,50)**;;
;;
* A resposta do candidato aborda a questão da causalidade adequada e argumenta que a morte da criança foi causada por circunstância independente da conduta de Jonas. Isso é correto e merece nota 0,50.;;
* A fundamentação legal é feita com base no artigo 13 do Código Penal, o que é correto.;;
;;
**Item B.2 - Nos termos do Art. 13 do CP (0,10)**;;
;;
* A resposta do candidato menciona o artigo 13 do Código Penal como fundamentação legal, o que é correto.;;
* No entanto, a resposta não desenvolve a argumentação de forma clara e concisa, o que pode afetar a nota.;;
;;
**Nota Total do Candidato**;;
;;
A nota total do candidato é de 0,60.;;
;;
"[[0.60]]"",,,,";;
"108,42_direito_penal_questao_2,LLaMA 3.3 70B Versatile (Meta via Groq),questao,1.25,0.0,0.65,,,""A tese de Direito Penal a ser sustentada para a reforma da sentença condenatória é a de que a pena aplicada ao réu Rui é inadequada e não reflete a gravidade do delito cometido, especialmente considerando a violação da privacidade e a exposição da vítima Vânia sem seu consentimento. Além disso, a substituição da pena de reclusão por penas restritivas de direitos, consistentes em prestação pecuniária e multa, não é suficiente para refletir a gravidade do crime e não atende às necessidades de punição e prevenção do delito.";;
;;
Justificativa:;;
;;
1. **Gravidade do Delito**: O crime de divulgação de imagens íntimas sem consentimento, previsto no Art. 218-C do Código Penal, é um delito grave que viola a privacidade e a dignidade da vítima. A pena aplicada deve refletir a gravidade do delito e a necessidade de punir o agente para que ele não cometa novamente o mesmo crime.;;
;;
2. **Princípio da Proporcionalidade**: A pena aplicada deve ser proporcional ao delito cometido. No caso em questão, a substituição da pena de reclusão por penas restritivas de direitos pode não ser suficiente para refletir a gravidade do crime, especialmente considerando a violação da privacidade e a exposição da vítima sem seu consentimento.;;
;;
3. **Necessidade de Punição e Prevenção**: A pena aplicada deve ter um efeito dissuasório, não apenas para o réu, mas também para outros potenciais agressores. A substituição da pena de reclusão por penas restritivas de direitos pode não ser suficiente para prevenir a prática de delitos semelhantes.;;
;;
4. **Direitos da Vítima**: A vítima Vânia tem o direito de ver o agressor punido de forma adequada. A pena aplicada deve refletir a gravidade do delito e a necessidade de punir o agente para que ele não cometa novamente o mesmo crime.;;
;;
5. **Legislação Aplicável**: O Art. 218-C, § 1º, do Código Penal, prevê a pena de detenção de 6 meses a 2 anos para o crime de divulgação de imagens íntimas sem consentimento. A pena aplicada ao réu Rui é de um ano e quatro meses de reclusão, substituída por penas restritivas de direitos. No entanto, considerando a gravidade do delito e a necessidade de punir o agente, é possível argumentar que a pena aplicada é inadequada e que a substituição da pena de reclusão por penas restritivas de direitos não é suficiente.;;
;;
"Em resumo, a tese de Direito Penal a ser sustentada para a reforma da sentença condenatória é a de que a pena aplicada ao réu Rui é inadequada e não reflete a gravidade do delito cometido. A substituição da pena de reclusão por penas restritivas de direitos não é suficiente para refletir a gravidade do crime e não atende às necessidades de punição e prevenção do delito. É necessário que a pena aplicada seja mais severa e refletir a gravidade do delito, considerando a violação da privacidade e a exposição da vítima sem seu consentimento."",""B) O recurso a ser interposto pela vítima, Vânia, é o Recurso em Sentido Estrito, previsto no artigo 581 do Código de Processo Penal (CPP). Esse recurso é cabível contra decisões que não são passíveis de recurso de apelação, como no caso de sentenças que aplicam penas substitutivas, como ocorreu com Rui.";;
;;
O prazo de interposição do Recurso em Sentido Estrito é de 5 dias, conforme estabelece o artigo 586 do CPP. No entanto, é fundamental entender que o início da contagem desse prazo depende da intimação da parte interessada, que, no caso de Vânia, ocorreu quando ela e seu advogado foram intimados da sentença.;;
;;
A intimação da sentença é o marco inicial para a contagem do prazo recursal. De acordo com o artigo 391 do CPP, a intimação da sentença deve ser feita de forma pessoal, por meio de publicação no órgão oficial ou por meio eletrônico, dependendo do caso. No caso de Vânia, como ela e seu advogado foram intimados da sentença, o prazo de 5 dias para interpor o Recurso em Sentido Estrito começou a correr a partir da data em que receberam a intimação.;;
;;
"É importante notar que, como Vânia não se habilitou como assistente de acusação durante o processo, ela pode interpor o recurso como """"ofendido"""", nos termos do artigo 598 do CPP. O artigo 598 permite que o ofendido ou seu representante legal interponha recurso em sentido estrito contra decisões que lhe sejam desfavoráveis, mesmo que não tenha se habilitado como assistente de acusação.";;
;;
"Portanto, o Recurso em Sentido Estrito é o recurso adequado para Vânia questionar as penas substitutivas aplicadas a Rui, e o prazo de interposição é de 5 dias, contados a partir da intimação da sentença. A fundamentação do recurso deve abordar os aspectos legais que justifiquem a necessidade de reexame da decisão, como a inadequação das penas substitutivas aplicadas ou a violação de direitos da vítima."",""### Avaliação da Resposta do Candidato";;
;;
#### Tese de Direito Penal (Item A);;
;;
A resposta do candidato apresenta uma tese de Direito Penal para a reforma da sentença condenatória, argumentando que a pena aplicada ao réu Rui é inadequada e não reflete a gravidade do delito cometido. No entanto, a resposta não se concentra na Lei nº 11.340/2006 e no Art. 17, como exigido pelo padrão de resposta.;;
;;
A resposta do candidato recebe 0,0 pontos para o item A.1 (Inviabilidade de aplicação isolada de pena pecuniária no âmbito da Lei de Violência Doméstica e Familiar contra a Mulher) e 0,0 pontos para o item A.2 (nos termos do Art. 17 da Lei nº 11.340/2006).;;
;;
#### Recurso a ser Interposto pela Vítima (Item B);;
;;
A resposta do candidato identifica o recurso a ser interposto pela vítima como o Recurso em Sentido Estrito, previsto no artigo 581 do Código de Processo Penal (CPP). No entanto, a resposta não se concentra na Lei nº 11.340/2006 e no Art. 598 do CPP, como exigido pelo padrão de resposta.;;
;;
A resposta do candidato recebe 0,0 pontos para o item B1 (Apelação supletiva) e 0,0 pontos para o item B2 (No prazo de 15 dias após o transcurso do prazo recursal do MP).;;
;;
#### Nota Final;;
;;
"A nota final obtida pelo candidato é [[0.00]]"",,,,";;
"109,42_direito_penal_questao_3,LLaMA 3.3 70B Versatile (Meta via Groq),questao,1.25,0.65,0.65,100.0,,""A tese de extinção da punibilidade que pode ser deduzida por Douglas, neste momento, é a prescrição. A prescrição é um instituto jurídico que extingue a punibilidade do agente quando decorre um determinado período de tempo sem que haja o oferecimento da denúncia, a condenação ou a execução da pena.";;
;;
No caso em questão, a denúncia foi recebida em 10/02/2020, e Douglas foi condenado em 10/10/2023. O Ministério Público interpôs apelação, que foi denegada pelo Tribunal de Justiça, e posteriormente opôs embargos infringentes. Atualmente, em 10/09/2024, o processo encontra-se em fase de contrarrazões.;;
;;
"A prescrição pode ser calculada com base no prazo prescricional, que é determinado pela pena máxima cominada ao delito. No caso do delito de trânsito de participação em corrida do tipo """"racha"""" (Art. 308 da Lei nº 9.503/1997 - CTB), a pena máxima é de 3 anos de detenção.";;
;;
De acordo com o Art. 109 do Código Penal, o prazo prescricional é de 8 anos, se a pena máxima for superior a 4 anos. No entanto, como a pena máxima do delito em questão é de 3 anos, o prazo prescricional é de 5 anos (Art. 109, inciso IV, do CP).;;
;;
A contagem do prazo prescricional começa a partir da data do fato (ou da data em que o crime foi consumado), que não é especificada no enunciado. No entanto, como a denúncia foi recebida em 10/02/2020, podemos considerar que o prazo prescricional começou a correr a partir dessa data.;;
;;
Considerando que o prazo prescricional é de 5 anos e que o processo encontra-se em andamento desde 10/02/2020, podemos calcular o prazo prescricional como segue:;;
;;
- Data do início do prazo prescricional: 10/02/2020;;
- Prazo prescricional: 5 anos;;
- Data atual: 10/09/2024;;
;;
Neste caso, o prazo prescricional ainda não foi alcançado, pois a data atual (10/09/2024) está dentro do prazo de 5 anos a partir da data do início do prazo prescricional (10/02/2020).;;
;;
No entanto, é importante notar que a prescrição pode ser interrompida por determinados atos processuais, como a denúncia, a condenação, a execução da pena, entre outros. Neste caso, a denúncia foi recebida em 10/02/2020, o que interrompeu o prazo prescricional.;;
;;
A tese de extinção da punibilidade por prescrição pode ser deduzida por Douglas, pois o prazo prescricional pode ser considerado interrompido pela denúncia, e o processo encontra-se em andamento. No entanto, é fundamental calcular o prazo prescricional com base na data do fato e considerar as interrupções do prazo prescricional para determinar se a prescrição realmente ocorreu.;;
;;
"O fato sobre o qual recai a tese de extinção da punibilidade é a condenação de Douglas pelo delito de trânsito de participação em corrida do tipo """"racha"""" (Art. 308 da Lei nº 9.503/1997 - CTB), que pode ser considerada prescrita se o prazo prescricional for alcançado."",""Para responder à sub-questão B, é necessário analisar o contexto do caso e identificar a tese processual mais adequada para ser arguida em face do recurso oposto pelo Ministério Público (MP).";;
;;
"No caso em questão, o Ministério Público interpôs apelação contra a sentença que condenou Douglas pelo delito de trânsito de participação em corrida do tipo """"racha"""" (Art. 308 da Lei nº 9.503/1997 - CTB) e o absolveu pelo delito de falsa identidade (Art. 307 do CP). O Tribunal de Justiça denegou o recurso de apelação, mantendo na íntegra a sentença recorrida. Em seguida, o Ministério Público opôs embargos infringentes, visando reverter a decisão do Tribunal.";;
;;
Nesse contexto, a tese processual que deve ser arguida em face do recurso oposto pelo MP é a de que os embargos infringentes não são cabíveis, pois o Tribunal de Justiça não proferiu decisão não unânime que acolhesse a tese do Ministério Público.;;
;;
De acordo com o Código de Processo Penal (CPP), os embargos infringentes são cabíveis quando a decisão do Tribunal for não unânime e acolher a tese do Ministério Público (art. 609, parágrafo único, do CPP). No entanto, no caso em questão, o Tribunal de Justiça denegou o recurso de apelação por maioria, ou seja, não acolheu a tese do Ministério Público.;;
;;
Além disso, é importante arguir que o Ministério Público não tem legitimidade para opor embargos infringentes, pois a decisão do Tribunal de Justiça foi proferida em favor do réu (Douglas), e o MP não tem interesse em rever a decisão que absolveu o réu pelo delito de falsa identidade.;;
;;
Portanto, a tese processual que deve ser arguida em face do recurso oposto pelo MP é a de que os embargos infringentes são incabíveis, pois o Tribunal de Justiça não proferiu decisão não unânime que acolhesse a tese do Ministério Público, e o MP não tem legitimidade para opor embargos infringentes.;;
;;
Justificativa:;;
;;
* O art. 609, parágrafo único, do CPP estabelece que os embargos infringentes são cabíveis quando a decisão do Tribunal for não unânime e acolher a tese do Ministério Público.;;
* No caso em questão, o Tribunal de Justiça denegou o recurso de apelação por maioria, ou seja, não acolheu a tese do Ministério Público.;;
* O Ministério Público não tem legitimidade para opor embargos infringentes, pois a decisão do Tribunal de Justiça foi proferida em favor do réu (Douglas), e o MP não tem interesse em rever a decisão que absolveu o réu pelo delito de falsa identidade.;;
"* A jurisprudência do Superior Tribunal de Justiça (STJ) e do Supremo Tribunal Federal (STF) é firme no sentido de que os embargos infringentes são incabíveis quando a decisão do Tribunal for unânime ou quando o Tribunal não acolher a tese do Ministério Público."",""### Avaliação da Resposta do Candidato";;
;;
#### Comparação com o Gabarito Comentado;;
;;
A resposta do candidato apresenta algumas divergências em relação ao gabarito comentado. No entanto, a análise detalhada da resposta do candidato revela que ele apresentou uma argumentação coerente e bem construída, embora tenha incluído alguns erros.;;
;;
#### Análise da Tabela de Distribuição de Pontos;;
;;
| ITEM | PONTUAÇÃO |;;
|---|---|;;
| B. O recurso de embargos infringentes é inadmissível, porquanto exclusivo em favor da defesa (0,55), nos termos do Art. 609, parágrafo único, do CPP (0,10). | 0,00/0,55/0,65 |;;
;;
- **Apresentação (0,55)**: A resposta do candidato apresenta uma argumentação coerente e bem construída, embora tenha incluído alguns erros. O candidato argumentou que os embargos infringentes são incabíveis porque o Tribunal de Justiça não proferiu decisão não unânime que acolhesse a tese do Ministério Público. No entanto, o candidato não mencionou a necessidade de a decisão do Tribunal ser unânime para que os embargos infringentes sejam cabíveis. Além disso, o candidato não mencionou a possibilidade de os embargos infringentes serem cabíveis quando o Tribunal proferir decisão não unânime que não acolha a tese do Ministério Público. Portanto, a nota para a apresentação é 0,55.;;
- **Argumentação (0,10)**: A resposta do candidato apresenta uma argumentação coerente e bem construída, embora tenha incluído alguns erros. O candidato argumentou que o Ministério Público não tem legitimidade para opor embargos infringentes porque a decisão do Tribunal de Justiça foi proferida em favor do réu (Douglas), e o MP não tem interesse em rever a decisão que absolveu o réu pelo delito de falsa identidade. No entanto, o candidato não mencionou a possibilidade de os embargos infringentes serem cabíveis quando o Tribunal proferir decisão não unânime que não acolha a tese do Ministério Público. Além disso, o candidato não mencionou a necessidade de a decisão do Tribunal ser unânime para que os embargos infringentes sejam cabíveis. Portanto, a nota para a argumentação é 0,10.;;
- **Fundamentação (0,00)**: A resposta do candidato não apresenta fundamentação adequada para a tese processual que deve ser arguida em face do recurso oposto pelo Ministério Público. O candidato não mencionou a necessidade de a decisão do Tribunal ser unânime para que os embargos infringentes sejam cabíveis, nem a possibilidade de os embargos infringentes serem cabíveis quando o Tribunal proferir decisão não unânime que não acolha a tese do Ministério Público. Além disso, o candidato não mencionou a jurisprudência do Superior Tribunal de Justiça (STJ) e do Supremo Tribunal Federal (STF) sobre a matéria. Portanto, a nota para a fundamentação é 0,00.;;
;;
#### Nota Final;;
;;
"A nota final do candidato é [[0.65]]."",,,,";;
"110,42_direito_penal_questao_4,LLaMA 3.3 70B Versatile (Meta via Groq),questao,1.25,0.6,0.6,100.0,,""A inexistência de vaga no regime mais brando não pode impedir a progressão de regime, conforme entendimento consolidado na jurisprudência e na legislação brasileira. O Art. 112 da Lei de Execução Penal (LEP) estabelece que a progressão de regime é direito subjetivo do condenado que preenche os requisitos objetivos e subjetivos previstos na lei, não podendo ser obstaculizada pela falta de vagas em estabelecimentos penais.";;
;;
A Constituição Federal de 1988, em seu Art. 5º, inciso XLVI, também assegura que a pena será cumprida de forma progressiva, o que implica a possibilidade de o condenado progredir de um regime mais rigoroso para outro menos rigoroso, desde que atendidos os requisitos legais. Além disso, o Art. 111 da LEP determina que o condenado será classificado segundo os seus antecedentes e seu comportamento durante a execução da pena, o que visa garantir a progressão de regime como forma de ressocialização.;;
;;
"A jurisprudência do Supremo Tribunal Federal (STF) e do Superior Tribunal de Justiça (STJ) também é firme no sentido de que a falta de vagas não pode ser óbice à progressão de regime. O STF, por exemplo, já decidiu que """"a falta de vagas em estabelecimento penal adequado não pode ser invocada como obstáculo à progressão de regime de cumprimento de pena"""" (HC 118.533, Rel. Min. Ayres Britto, 2ª Turma, DJe 26/08/2011).";;
;;
Nesse sentido, a decisão inicial do Juiz, condicionando a progressão de Thiago ao regime aberto à existência de vaga em casa de albergado, não se justifica. A progressão de regime deve ser concedida independentemente da disponibilidade de vagas, pois o direito à progressão é subjetivo e não pode ser condicionado a fatores externos, como a capacidade de alojamento do sistema prisional.;;
;;
"Portanto, a inexistência de vaga no regime mais brando não pode impedir a progressão de regime, devendo o Juiz conceder a progressão de Thiago ao regime aberto, independentemente da disponibilidade de vagas em casa de albergado, desde que atendidos os requisitos legais. A decisão posterior do Juiz, permitindo que Thiago cumprisse o restante da pena em albergue domiciliar, desde que se comprometesse à prestação de serviços à comunidade, pode ser vista como uma solução alternativa, mas não deve ser condicionada à falta de vagas, e sim ao cumprimento dos requisitos legais para a progressão de regime."",""A imposição de prestação de serviços à comunidade como condição especial do regime aberto é um tema que envolve a interpretação da Lei de Execução Penal (LEP) e a análise da jurisprudência pertinente.";;
;;
De acordo com o Art. 113 da LEP, o regime aberto pode ser cumprido em albergue ou em residência particular, desde que o condenado se comprometa a prestação de serviços à comunidade. No entanto, é fundamental analisar se a imposição de prestação de serviços à comunidade como condição especial do regime aberto é cabível.;;
;;
A resposta a essa pergunta depende da interpretação do Art. 113 da LEP e da análise da jurisprudência do Superior Tribunal de Justiça (STJ) e do Supremo Tribunal Federal (STF). De acordo com a jurisprudência, a prestação de serviços à comunidade é uma condição que pode ser imposta ao condenado como parte do regime aberto, desde que seja feita de forma razoável e proporcional à pena aplicada.;;
;;
No caso de Thiago, o Juiz condicionou a efetiva progressão ao regime aberto à existência de vaga em casa de albergado, o que não é razoável, pois o condenado já preencheu os requisitos objetivos para progredir ao regime aberto. Além disso, a imposição de prestação de serviços à comunidade como condição especial do regime aberto pode ser considerada uma forma de garantir que o condenado continue a cumprir sua pena de forma produtiva e útil à sociedade.;;
;;
No entanto, é importante ressaltar que a imposição de prestação de serviços à comunidade como condição especial do regime aberto deve ser feita de forma a respeitar os direitos fundamentais do condenado, como o direito à liberdade e à dignidade. Além disso, a prestação de serviços à comunidade deve ser feita de forma a não prejudicar a saúde, a segurança e a integridade física e mental do condenado.;;
;;
Em resumo, a imposição de prestação de serviços à comunidade como condição especial do regime aberto é cabível, desde que seja feita de forma razoável e proporcional à pena aplicada, e que respeite os direitos fundamentais do condenado. No caso de Thiago, a imposição de prestação de serviços à comunidade como condição especial do regime aberto pode ser considerada uma forma de garantir que o condenado continue a cumprir sua pena de forma produtiva e útil à sociedade, desde que seja feita de forma a respeitar os direitos fundamentais do condenado.;;
;;
"Portanto, como advogado de Thiago, posso argumentar que a imposição de prestação de serviços à comunidade como condição especial do regime aberto é cabível, desde que seja feita de forma razoável e proporcional à pena aplicada, e que respeite os direitos fundamentais do condenado. Além disso, posso argumentar que a decisão do Juiz de permitir que Thiago cumprisse o restante da pena em albergue domiciliar, desde que se comprometesse à prestação de serviços à comunidade, foi uma decisão razoável e proporcional à pena aplicada, e que respeitou os direitos fundamentais do condenado."",""### Avaliação da Resposta do Candidato";;
;;
#### Item A: A inexistência de vaga no regime mais brando pode impedir a progressão de regime?;;
;;
- A. Não. A falta de estabelecimento penal adequado não autoriza a manutenção do condenado em regime prisional mais gravoso (0,55), nos termos da Súmula Vinculante 56 (0,10).;;
 - Apresentação: 0,55 (o candidato apresentou uma argumentação clara e objetiva sobre a inexistência de vaga no regime mais brando não poder impedir a progressão de regime);;
 - Argumentação: 0,55 (o candidato desenvolveu uma argumentação coerente e bem construída sobre a jurisprudência e a legislação brasileira que apoia a progressão de regime independentemente da disponibilidade de vagas);;
 - Fundamentação: 0,55 (o candidato fundamentou sua argumentação com a Constituição Federal de 1988, o Art. 112 da Lei de Execução Penal e a jurisprudência do Supremo Tribunal Federal e do Superior Tribunal de Justiça);;
 - Pontuação acumulada: 1,65/1,65;;
;;
#### Item B: É cabível a imposição de prestação de serviços à comunidade como condição especial do regime aberto?;;
;;
- B. Não. É inadmissível a fixação de pena substitutiva como condição especial ao regime aberto (0,50), nos termos do enunciado 493 da Súmula da Jurisprudência do Superior Tribunal de Justiça (0,10).;;
 - Apresentação: 0,50 (o candidato apresentou uma argumentação clara e objetiva sobre a imposição de prestação de serviços à comunidade como condição especial do regime aberto);;
 - Argumentação: 0,50 (o candidato desenvolveu uma argumentação coerente e bem construída sobre a jurisprudência e a legislação brasileira que apoia a imposição de prestação de serviços à comunidade como condição especial do regime aberto);;
 - Fundamentação: 0,50 (o candidato fundamentou sua argumentação com a Lei de Execução Penal e a jurisprudência do Superior Tribunal de Justiça);;
 - Pontuação acumulada: 1,10/1,10;;
;;
#### Nota Final:;;
;;
"[[1.75]]"",,,,";;
"111,42_direito_tributario_peca_profissional,LLaMA 3.3 70B Versatile (Meta via Groq),peca,5.0,1.5,5.0,30.0,,,,""**Avaliação da Resposta do Candidato**";;
;;
**Endereçamento**;;
;;
* Juízo: Vara Única da Comarca do Município X (0,10) - Correta, mas não foi endereçada à Vara Única da Comarca do Município X, mas sim ao Juiz de Direito da Vara Única da Comarca de X. Pontuação: 0,00/0,10;;
* Autora: ABC Ltda. (0,10); réu: Município X (0,10) - Correta. Pontuação: 0,20/0,20;
* Cabimento da ação anulatória: o crédito tributário já foi definitivamente constituído pelo lançamento, tendo inclusive sido o debito notificado ao contribuinte, sendo necessário desconstituir o lançamento por meio de uma ação anulatória (0,40), nos termos do Art. 38 da Lei nº 6.830/1980 (0,10) - Incorreta, pois a ação anulatória não é a medida judicial cabível. Pontuação: 0,00/0,50;;
;;
**Fundamentos**;;
;;
* O ISS é devido ao Município Y, local da efetiva prestação do serviço de remoção, tratamento e reciclagem de lixo (0,60), por expressa exceção prevista no Art. 3º, inciso VI, da LC 116/2003 (0,10) - Incorreta, pois o candidato não mencionou a LC 116/2003. Pontuação: 0,00/0,70;;
* A multa de 150%, que ultrapassa o próprio valor do imposto cobrado, ostenta natureza confiscatória (0,60), em violação ao Art. 150, inciso IV, da CRFB/88 (0,10) - Correta. Pontuação: 0,70/0,70;;
* A ameaça de interdição do estabelecimento constitui sanção política e meio coercitivo indireto ilegal de cobrança de tributos, por impedir o livre exercício da atividade econômica da empresa (0,60), nos termos da Súmula 70 ou da Súmula 547, ambas do STF (0,10) - Correta. Pontuação: 0,70/0,70;;
;;
**Tutela provisória de urgência**;;
;;
* Probabilidade do direito (fumus boni iuris) (0,25) - Incorreta, pois o candidato não demonstrou a probabilidade do direito. Pontuação: 0,00/0,25;;
* Perigo de dano ou risco ao resultado útil do processo (periculum in mora), em razão de que a empresa está em vias de ter seu estabelecimento interditado (0,25) - Correta. Pontuação: 0,25/0,25;;
;;
**Pedidos**;;
;;
* Citação do réu (0,10) - Incorreta, pois o candidato não requereu a citação do réu. Pontuação: 0,00/0,10;;
* Seja concedida a tutela provisória de urgência, suspendendo-se a interdição do estabelecimento (0,10) e a exigibilidade do crédito tributário (0,10) com base no Art. 151, inciso V, do CTN (0,10) - Correta. Pontuação: 0,30/0,30;;
* Seja julgada procedente a ação, para desconstituir o lançamento tributário referente ao imposto e sua respectiva multa (0,40) - Incorreta, pois o candidato não requereu a desconstituição do lançamento tributário. Pontuação: 0,00/0,40;;
* Opção pela não realização de audiência de conciliação ou de mediação (0,10), nos termos do Art. 319, inciso VII, do CPC (0,10) ou indicação do não cabimento de conciliação (0,10), nos termos do Art. 334, § 4º, inciso II, do CPC (0,10) - Incorreta, pois o candidato não requereu a não realização de audiência de conciliação ou de mediação. Pontuação: 0,00/0,20;;
* Indicação das provas a serem produzidas (0,10), sobretudo a prova pericial (0,10) - Correta. Pontuação: 0,20/0,20;;
* Condenação ao ressarcimento de custas e honorários advocatícios (0,10) - Incorreta, pois o candidato não requereu a condenação ao ressarcimento de custas e honorários advocatícios. Pontuação: 0,00/0,10;;
;;
**Fechamento**;;
;;
* Valor da causa (0,10) - Incorreta, pois o candidato não determinou o valor da causa. Pontuação: 0,00/0,10;;
* Data, local, advogado e OAB ... (0,10) - Correta. Pontuação: 0,10/0,10;;
;;
**Nota Final**;;
;;
"[[1.5]]"",,""# PEÇA PRÁTICO-PROFISSIONAL";;
;;
EXCELENTÍSSIMO SENHOR DOUTOR JUIZ DE DIREITO DA VARA ÚNICA DA COMARCA DE X;;
;;
A sociedade empresária ABC Ltda., com estabelecimento no Município X, especializada em reciclagem de lixo, por seu advogado que a presente subscreve, vem, respeitosamente, perante Vossa Excelência, com fulcro na Lei nº 8.078/90 (Código de Defesa do Consumidor), na Lei nº 5.172/66 (Código Tributário Nacional) e na Constituição Federal de 1988, propor a presente;;
;;
**AÇÃO DE MANDADO DE SEGURANÇA**;;
;;
em face do Município X, pessoa jurídica de direito público interno, com sede na Praça..., nº..., Município X, Estado..., representado por seu Prefeito, com o objetivo de obter a segurança para que seu estabelecimento não seja interditado e para que não seja obrigada a pagar o Imposto sobre Serviços (ISS) e a multa de 150% do valor do imposto, cobrados indevidamente pela Secretaria de Fazenda do Município X.;;
;;
**Fatos**;;
;;
A sociedade empresária ABC Ltda. foi contratada para prestar serviços de remoção, tratamento e reciclagem de lixo no Município Y. Em decorrência disso, recolheu o ISS devido naquela operação. No entanto, meses após, recebeu uma notificação de débito da Secretaria de Fazenda do Município X, cobrando o ISS daquele serviço prestado no Município Y, sob a alegação de possuir estabelecimento fixo em seu território. Além disso, foi aplicada uma multa de 150% do valor do imposto cobrado e a sociedade empresária foi advertida de que, caso não pagasse a dívida no prazo de 30 (trinta) dias, teria o seu estabelecimento interditado.;;
;;
**Fundamentos**;;
;;
"A Constituição Federal de 1988, em seu artigo 150, inciso I, estabelece que é vedado à União, aos Estados, ao Distrito Federal e aos Municípios exigir ou aumentar tributo sem lei que o estabeleça. Além disso, o Código Tributário Nacional, em seu artigo 3º, define tributo como """"every prestação pecuniária compulsória, em moeda ou cujo valor nela se possa exprimir, que não constitua sanção de ato ilícito, instituída em lei e cobrada mediante atividade administrativa"""".";;
;;
No caso em questão, o Município X está cobrando o ISS da sociedade empresária ABC Ltda. com base na alegação de que possui estabelecimento fixo em seu território. No entanto, a sociedade empresária já recolheu o ISS devido na operação no Município Y, onde o serviço foi prestado. Portanto, a cobrança do ISS pelo Município X é indevida, pois viola o princípio da não cumulatividade do imposto, estabelecido no artigo 166 do Código Tributário Nacional.;;
;;
Além disso, a multa de 150% do valor do imposto cobrado é excessiva e viola o princípio da razoabilidade, estabelecido no artigo 150, inciso II, da Constituição Federal de 1988. A aplicação de multa deve ser razoável e proporcional ao valor do imposto devido, e não pode ser utilizada como meio de coação para obter o pagamento do tributo.;;
;;
**Pedido**;;
;;
Diante dos fatos e fundamentos expostos, a sociedade empresária ABC Ltda. requer que Vossa Excelência:;;
;;
1. Conceda a segurança para que seu estabelecimento não seja interditado;;
2. Declare a nulidade da notificação de débito emitida pela Secretaria de Fazenda do Município X;;
3. Julgue improcedente a cobrança do ISS e da multa de 150% do valor do imposto;;
4. Condene o Município X a pagar as custas processuais e honorários advocatícios.;;
;;
**Provas**;;
;;
A sociedade empresária ABC Ltda. oferece as seguintes provas:;;
;;
* Fotos do local onde o serviço de reciclagem de lixo foi prestado;;
* Contrato de prestação de serviços celebrado com o Município Y;;
* Comprovante de recolhimento do ISS devido na operação no Município Y;;
* Laudo pericial que comprove o local onde o serviço foi prestado.;;
;;
**Valor da Causa**;;
;;
O valor da causa é de R$..., para fins de pagamento de custas processuais e honorários advocatícios.;;
;;
**Advogado**;;
;;
Nestes termos, pede deferimento.;;
Local, ... de ... de ....;;
Advogado: ...;;
;;
"**Nota**: A peça prático-profissional foi elaborada com base nos fatos e fundamentos expostos, e abrange todos os fundamentos de Direito que possam ser utilizados para dar respaldo à pretensão. A simples menção ou transcrição do dispositivo legal não confere pontuação."",,";;
"112,42_direito_tributario_questao_1,LLaMA 3.3 70B Versatile (Meta via Groq),questao,1.25,0.275,0.65,42.3,,""A sub-questão A pergunta sobre o prazo prescricional para a propositura da ação anulatória da decisão administrativa que denegou a restituição do indébito tributário. Para responder a essa pergunta, é fundamental entender o conceito de prescrição e como ele se aplica às ações anulatórias de decisões administrativas tributárias.";;
;;
A prescrição é um instituto jurídico que estabelece um prazo limite para que uma pessoa possa exercer um direito ou ação. No contexto do direito tributário, a prescrição é regulamentada pelo Código Tributário Nacional (CTN). De acordo com o artigo 169 do CTN, a ação anulatória de decisão administrativa que denegou a restituição de indébito tributário prescreve em cinco anos, contados da data em que a decisão administrativa foi proferida.;;
;;
No entanto, é importante notar que o prazo prescricional pode ser interrompido ou suspenso em certas circunstâncias. Por exemplo, se o contribuinte ingressar com uma ação judicial antes do término do prazo prescricional, o prazo será interrompido. Além disso, se houver uma decisão administrativa que seja objeto de recurso, o prazo prescricional pode ser suspenso até que a decisão seja definitivamente proferida.;;
;;
No caso de José Silva, que está buscando a anulação da decisão administrativa que denegou a restituição do indébito tributário, o prazo prescricional para propositura da ação anulatória é de cinco anos, contados da data em que a decisão administrativa foi proferida. Portanto, se a decisão administrativa foi proferida em 01 de janeiro de 2022, o prazo prescricional expiraria em 01 de janeiro de 2027.;;
;;
É fundamental ressaltar que a contagem do prazo prescricional deve ser feita com cuidado, considerando a data exata em que a decisão administrativa foi proferida e qualquer eventual interrupção ou suspensão do prazo. Além disso, é recomendável que o contribuinte busque a orientação de um advogado especializado em direito tributário para garantir que seus direitos sejam protegidos e que a ação anulatória seja proposta dentro do prazo prescricional.;;
;;
"Em resumo, o prazo prescricional para propositura da ação anulatória da decisão administrativa que denegou a restituição do indébito tributário é de cinco anos, contados da data em que a decisão administrativa foi proferida, de acordo com o artigo 169 do Código Tributário Nacional. É fundamental que o contribuinte esteja atento a esse prazo e busque a orientação de um advogado especializado para garantir que seus direitos sejam protegidos."",""A insurgência de José contra o pagamento da taxa municipal de combate a incêndios pode ser justificada com base na análise da natureza e dos requisitos constitucionais para a instituição e cobrança de taxas.";;
;;
De acordo com a Constituição Federal de 1988, as taxas são tributos que podem ser instituídos pela União, Estados, Distrito Federal e Municípios, com base no artigo 145, II, que estabelece que as taxas são tributos cobrados em razão do exercício do poder de polícia ou pela utilização, efetiva ou potencial, de serviços públicos específicos e divisíveis, prestados ao contribuinte ou postos a sua disposição.;;
;;
No caso específico da taxa municipal de combate a incêndios, é fundamental verificar se o Município cumpriu os requisitos constitucionais e legais para sua instituição e cobrança. Isso inclui a existência de uma lei municipal que institua a taxa, definindo seu fato gerador, base de cálculo e alíquota, além de garantir que a taxa seja cobrada de forma não confiscatória e respeitando o princípio da capacidade contributiva.;;
;;
Além disso, é importante considerar se o serviço de combate a incêndios é efetivamente prestado de forma específica e divisível, ou se se trata de um serviço público geral, que não pode ser remunerado por meio de taxas. O artigo 145, II, da Constituição Federal exige que as taxas sejam cobradas em razão da utilização efetiva ou potencial de serviços públicos específicos e divisíveis, o que pode não ser o caso do serviço de combate a incêndios, que muitas vezes é considerado um serviço público geral, destinado à proteção da comunidade como um todo.;;
;;
A jurisprudência do Supremo Tribunal Federal (STF) também é relevante para a análise dessa questão. Em decisões como o Recurso Extraordinário (RE) 232.467, o STF estabeleceu que as taxas devem ser cobradas de forma a não exceder o custo do serviço prestado, e que a instituição de taxas deve ser feita de forma a respeitar os princípios da razoabilidade e da proporcionalidade.;;
;;
"Diante desses fundamentos legais, José pode ter razão em sua insurgência contra o pagamento da taxa municipal de combate a incêndios se for comprovado que o Município não cumpriu os requisitos constitucionais e legais para a instituição e cobrança da taxa, ou se o serviço de combate a incêndios não é específico e divisível, ou se a taxa é cobrada de forma confiscatória ou desproporcional. Nesse sentido, a ação anulatória da decisão administrativa que denegou a restituição pode ser uma via adequada para questionar a legalidade da cobrança da taxa e buscar a restituição do indébito tributário."",""### Avaliação da Resposta do Candidato";;
;;
#### Resposta à Sub-Questão A;;
;;
A resposta do candidato à sub-questão A é parcialmente correta. O candidato menciona o artigo 169 do Código Tributário Nacional (CTN) como fundamento para a resposta, mas apresenta uma interpretação errada do prazo prescricional. O prazo prescricional para propositura da ação anulatória da decisão administrativa que denegou a restituição do indébito tributário é de cinco anos, contados da data em que a decisão administrativa foi proferida, e não de dois anos, como mencionado pelo candidato.;;
;;
Avaliação:;;
;;
- Apresentação: 0,0 (o candidato não apresentou a questão de forma clara e concisa);;
- Argumentação: 0,0 (o candidato apresentou uma interpretação errada do prazo prescricional);;
- Fundamentação: 0,0 (o candidato não fundamentou a resposta com base em uma interpretação correta do artigo 169 do CTN);;
;;
Pontuação acumulada: 0,0/0,50/0,60;;
;;
#### Resposta à Sub-Questão B;;
;;
A resposta do candidato à sub-questão B é parcialmente correta. O candidato menciona a jurisprudência do Supremo Tribunal Federal (STF) e o artigo 145, II, da Constituição Federal como fundamentos para a resposta, mas apresenta uma interpretação incompleta da natureza e dos requisitos constitucionais para a instituição e cobrança de taxas.;;
;;
Avaliação:;;
;;
- Apresentação: 0,5 (o candidato apresentou a questão de forma clara e concisa);;
- Argumentação: 0,5 (o candidato apresentou uma interpretação incompleta da natureza e dos requisitos constitucionais para a instituição e cobrança de taxas);;
- Fundamentação: 0,0 (o candidato não fundamentou a resposta com base em uma interpretação completa e correta do artigo 145, II, da Constituição Federal e da jurisprudência do STF);;
;;
Pontuação acumulada: 0,5/0,55/0,65;;
;;
#### Nota Final;;
;;
"[[0.275]]"",,,,";;
"113,42_direito_tributario_questao_2,LLaMA 3.3 70B Versatile (Meta via Groq),questao,1.25,0.5,0.6,83.3,,""A aplicação da alíquota majorada de 5% do Imposto sobre Serviços (ISS) pela Lei Ordinária Municipal nº XXX, de 1º de outubro de 2022, para cobrar diferenças nos valores recolhidos de 2019 a 2021, não é correta. O auditor fiscal, ao invocar o brocardo latino """"tempus regit actum"""" (o tempo rege o ato), parece sugerir que a lei vigente no momento da lavratura do auto de infração deve ser aplicada. No entanto, essa interpretação não leva em consideração os princípios fundamentais do direito tributário, especialmente o princípio da irretroatividade das leis tributárias.";;
;;
"O princípio da irretroatividade, consagrado no artigo 150, inciso III, alínea """"a"""", da Constituição Federal, estabelece que a lei tributária não pode ter efeito retroativo, ou seja, não pode alcançar fatos geradores ocorridos antes de sua vigência. Isso significa que as leis tributárias só podem ser aplicadas a fatos geradores que ocorram após a entrada em vigor da lei.";;
;;
Nesse caso, a Lei Ordinária Municipal nº XXX, de 1º de outubro de 2022, que majorou a alíquota do ISS de 2% para 5%, não pode ser aplicada retroativamente para cobrar diferenças de ISS referentes aos anos de 2019 a 2021. Os fatos geradores do ISS ocorreram antes da entrada em vigor da nova lei, e, portanto, devem ser tributados de acordo com a legislação vigente à época.;;
;;
Além disso, o Código Tributário Nacional (CTN), em seu artigo 106, estabelece que a lei tributária não pode alterar a definição do fato gerador, a base de cálculo e os contribuintes, após o fato gerador ter ocorrido. Isso reforça a ideia de que a lei aplicável é aquela vigente no momento do fato gerador, e não a lei vigente no momento da lavratura do auto de infração.;;
;;
"Portanto, o auditor fiscal não agiu corretamente ao aplicar a alíquota majorada prevista na nova lei para cobrar diferenças do ISS. A Barbearia Júpiter Ltda. tem direito a que os valores de ISS sejam calculados de acordo com a alíquota vigente nos anos de 2019 a 2021, que era de 2%, e não de 5%, como aplicado pelo auditor fiscal. A defesa da barbearia deve se basear nos princípios da irretroatividade e na aplicação da lei vigente no momento do fato gerador, para evitar a cobrança indevida de diferenças de ISS."",""A sub-questão B pergunta se a nova lei ordinária municipal poderia alterar a alíquota do Imposto sobre Serviços (ISS) para 5%. Para responder a essa pergunta, é necessário analisar a competência legislativa municipal e as limitações impostas pela Constituição Federal e pela legislação complementar.";;
;;
"De acordo com o artigo 156, inciso III, da Constituição Federal, compete aos Municípios instituir e arrecadar o Imposto sobre Serviços (ISS). No entanto, a Constituição também estabelece que a instituição e a arrecadação do ISS devem seguir as normas gerais estabelecidas pela União, por meio de lei complementar (artigo 146, inciso III, alínea """"a"""", da CF).";;
;;
A Lei Complementar nº 116, de 31 de julho de 2003, estabelece as normas gerais para a instituição e a arrecadação do ISS. De acordo com o artigo 3º da Lei Complementar nº 116, as alíquotas do ISS devem ser fixadas por lei ordinária municipal, observados os limites estabelecidos pela lei complementar.;;
;;
No entanto, a Lei Complementar nº 116 também estabelece que as alíquotas do ISS não podem exceder a 5% (artigo 3º, § 1º, da LC nº 116). Além disso, a lei complementar também estabelece que as alíquotas do ISS devem ser uniformes para todos os serviços prestados no território do Município (artigo 3º, § 2º, da LC nº 116).;;
;;
Diante desse cenário, a nova lei ordinária municipal que alterou a alíquota do ISS para 5% está dentro dos limites estabelecidos pela Lei Complementar nº 116. Portanto, a resposta à sub-questão B é sim, a nova lei ordinária municipal poderia alterar a alíquota do ISS para 5%, desde que observados os limites e as normas gerais estabelecidas pela Lei Complementar nº 116.;;
;;
No entanto, é importante notar que a alteração da alíquota do ISS para 5% não pode ser aplicada retroativamente, ou seja, não pode ser aplicada a fatos geradores ocorridos antes da entrada em vigor da nova lei. Isso porque a Constituição Federal estabelece que a lei não pode prejudicar o direito adquirido, o ato jurídico perfeito e a coisa julgada (artigo 5º, inciso XXXVI, da CF).;;
;;
"Além disso, a alteração da alíquota do ISS para 5% também deve respeitar o princípio da anterioridade, que estabelece que a lei tributária não pode ser aplicada antes de decorridos 90 dias da data da sua publicação (artigo 150, inciso III, alínea """"b"""", da CF).";;
;;
"Portanto, a Barbearia Júpiter Ltda. pode argumentar que a alteração da alíquota do ISS para 5% não pode ser aplicada retroativamente, ou seja, não pode ser aplicada a fatos geradores ocorridos antes da entrada em vigor da nova lei. Além disso, a barbearia também pode argumentar que a alteração da alíquota do ISS para 5% deve respeitar o princípio da anterioridade, ou seja, deve ser aplicada apenas após decorridos 90 dias da data da publicação da nova lei."",""### Avaliação da Resposta do Candidato";;
;;
A resposta do candidato à segunda pergunta (item B) foi avaliada com base no padrão de resposta e na tabela de distribuição de pontos.;;
;;
**Item B: A nova lei ordinária municipal poderia alterar tal alíquota de ISS para 5%? Justifique. (Valor: 0,60)**;;
;;
A resposta do candidato foi considerada parcialmente correta. Ele mencionou a Lei Complementar nº 116 e o artigo 3º, § 1º, que estabelece que as alíquotas do ISS não podem exceder a 5%. Além disso, ele também mencionou a necessidade de observar os limites e as normas gerais estabelecidas pela Lei Complementar nº 116.;;
;;
No entanto, a resposta do candidato também contém alguns erros. Ele mencionou que a alteração da alíquota do ISS para 5% não pode ser aplicada retroativamente, o que não é correto. Além disso, ele também mencionou a necessidade de respeitar o princípio da anterioridade, que não é aplicável nesse caso.;;
;;
**Distribuição de Pontos**;;
;;
| ITEM | PONTUAÇÃO |;;
| --- | --- |;;
| B. Sim, pois a nova lei ordinária municipal observou a alíquota máxima de ISS de 5% (0,50), prevista no Art. 8º, inciso II, da LC nº 116/2003 (0,10). | 0,50/0,60 |;;
;;
**Nota Final**;;
;;
"A nota final obtida pelo candidato é [[0.50]]."",,,,";;
"114,42_direito_tributario_questao_3,LLaMA 3.3 70B Versatile (Meta via Groq),questao,1.25,0.35,0.65,53.8,,""A questão em análise envolve a validade da adoção de alíquotas diferenciadas de IPVA (Imposto sobre a Propriedade de Veículos Automotores) com base no uso do automóvel, seja como carro de passeio ou como táxi, no Estado Alfa. Para avaliar a validade dessa medida, é necessário considerar os princípios constitucionais que regem a tributação no Brasil, especialmente o princípio da isonomia e o princípio da capacidade contributiva.";;
;;
O IPVA é um imposto estadual, previsto no artigo 155, inciso III, da Constituição Federal, que estabelece a competência dos Estados e do Distrito Federal para instituir impostos sobre a propriedade de veículos automotores. A Constituição Federal também estabelece, no artigo 150, inciso II, que é vedado aos Estados estabelecer tratamento desigual entre contribuintes que se encontrem em situação equivalente, princípio conhecido como isonomia tributária.;;
;;
A adoção de alíquotas diferenciadas com base no uso do automóvel pode ser justificada sob o argumento de que os veículos utilizados como táxi têm uma utilização mais intensa e, portanto, contribuem de forma diferente para o desgaste das vias públicas e para a geração de receita para o Estado. Além disso, a diferenciação pode ser vista como uma forma de aplicar o princípio da capacidade contributiva, pois os proprietários de veículos utilizados como táxi podem ter uma capacidade contributiva maior devido à natureza comercial de sua atividade.;;
;;
No entanto, a validade dessa diferenciação também depende de como ela é implementada. A Constituição Federal exige que as leis sejam gerais, abstratas e impessoais, o que significa que as regras tributárias devem ser aplicadas de forma uniforme a todos os contribuintes que se encontrem em situação equivalente. Se a lei do Estado Alfa estabelece critérios claros, objetivos e razoáveis para a diferenciação das alíquotas com base no uso do veículo, e se esses critérios são aplicados de forma uniforme a todos os contribuintes, então a adoção de alíquotas diferenciadas pode ser considerada válida.;;
;;
Além disso, é importante considerar a jurisprudência do Supremo Tribunal Federal (STF) sobre a matéria. O STF tem entendido que a diferenciação de alíquotas tributárias com base em critérios razoáveis e objetivos é constitucional, desde que não viole os princípios da isonomia e da capacidade contributiva. No caso específico do IPVA, o STF já se pronunciou sobre a possibilidade de diferenciação de alíquotas com base em critérios como o tipo de veículo ou o uso a que se destina.;;
;;
"Em resumo, a adoção de alíquotas diferenciadas de IPVA com base no uso do automóvel como carro de passeio ou como táxi pode ser considerada válida, desde que a lei que estabelece essa diferenciação seja clara, objetiva e razoável, e que os critérios utilizados sejam aplicados de forma uniforme a todos os contribuintes. A validade da medida também depende da conformidade com os princípios constitucionais da isonomia e da capacidade contributiva, bem como da jurisprudência do STF sobre a matéria."",""A alíquota diferenciada para automóveis importados, estabelecida pela lei do Estado Alfa, é um tema que envolve a análise da constitucionalidade e da legalidade da medida. De acordo com a Constituição Federal de 1988, o Imposto sobre a Propriedade de Veículos Automotores (IPVA) é um tributo estadual, cuja competência para instituir e majorar é atribuída aos Estados e ao Distrito Federal (art. 155, inciso I).";;
;;
No entanto, a Constituição também estabelece limites e princípios que devem ser observados na instituição e majoração de tributos. Um desses princípios é o da isonomia ou igualdade, que exige que os contribuintes sejam tratados de forma igualitária, sem distinções arbitrárias ou discriminatórias (art. 150, inciso II).;;
;;
A alíquota diferenciada para automóveis importados, no valor de 10% em relação à alíquota incidente sobre os automóveis nacionais, pode ser considerada uma violação ao princípio da isonomia. Isso porque a distinção entre automóveis nacionais e importados não se baseia em uma diferença relevante que justifique a cobrança de uma alíquota mais alta para os veículos importados.;;
;;
Além disso, a Lei Complementar nº 87/1996, que dispõe sobre o IPVA, estabelece que a alíquota do imposto deve ser uniforme para todos os veículos automotores (art. 1º, § 1º). Embora a lei permita a fixação de alíquotas diferenciadas em razão do uso do veículo (art. 1º, § 2º), a distinção entre automóveis nacionais e importados não se enquadra nessa hipótese.;;
;;
Outro argumento a ser considerado é o da violação ao princípio da não-discriminação entre bens e serviços nacionais e estrangeiros, estabelecido pelo art. 5º, § 2º, da Constituição Federal. A alíquota diferenciada para automóveis importados pode ser vista como uma forma de discriminação contra os veículos estrangeiros, o que é incompatível com o princípio da não-discriminação.;;
;;
"Diante desses argumentos, é possível concluir que a alíquota diferenciada para automóveis importados, estabelecida pela lei do Estado Alfa, é inválida. A medida viola o princípio da isonomia e da não-discriminação, e não se enquadra nas hipóteses permitidas pela Lei Complementar nº 87/1996. Portanto, a alíquota diferenciada para automóveis importados não é válida e pode ser considerada inconstitucional."",""### Avaliação da Resposta do Candidato";;
;;
#### Comparação com o Gabarito Comentado;;
;;
A resposta do candidato à segunda pergunta (item B) é semelhante ao gabarito comentado, mas com algumas diferenças na fundamentação legal e na clareza da exposição dos argumentos.;;
;;
#### Análise da Tabela de Distribuição de Pontos;;
;;
| ITEM | PONTUAÇÃO |;;
| --- | --- |;;
| B. Não. É vedado aos Estados estabelecer diferença tributária entre bens e serviços, de qualquer natureza, em razão de sua procedência ou destino (0,55), conforme o Art. 152 da CRFB/88 (0,10). |  |;;
;;
- **A. Sim. O IPVA é tributo autorizado a ter alíquotas diferenciadas em função do tipo e da utilização do automóvel (0,50), cf. Art. 155, § 6º, inciso II, da CRFB/88 (0,10).**: Não aplicável, pois a resposta do candidato não aborda essa questão.;;
;;
- **B. Não. É vedado aos Estados estabelecer diferença tributária entre bens e serviços, de qualquer natureza, em razão de sua procedência ou destino (0,55), conforme o Art. 152 da CRFB/88 (0,10).**:;;
  - **Apresentação (0,10)**: A resposta do candidato apresenta uma argumentação clara e objetiva, mas não é perfeita. Atribuo 0,05 pontos.;;
  - **Argumentação (0,30)**: A resposta do candidato apresenta uma argumentação coerente e bem construída, mas não é perfeita. Atribuo 0,20 pontos.;;
  - **Fundamentação (0,15)**: A resposta do candidato apresenta uma fundamentação legal correta, mas não é perfeita. Atribuo 0,10 pontos.;;
;;
Pontuação acumulada do item B: 0,35/0,55/0,65;;
;;
#### Nota Final;;
;;
"[[0.35]]"",,,,";;
"115,42_direito_tributario_questao_4,LLaMA 3.3 70B Versatile (Meta via Groq),questao,1.25,0.65,0.65,100.0,,""A questão apresentada envolve a análise da constitucionalidade do veto do Governador a um projeto de lei estadual que institui uma nova isenção da taxa judiciária, argumentando que não poderia haver mescla de lei isentiva tributária com tema de organização judiciária. Para avaliar a razão do Governador, é necessário examinar os princípios constitucionais que regem a matéria.";;
;;
"A Constituição Federal de 1988 (CRFB/88) estabelece, em seu artigo 61, §1º, inciso II, alínea """"b"""", que é de iniciativa privativa do Presidente da República a apresentação de projetos de lei que disponham sobre a criação e extinção de ministérios e órgãos da administração pública, bem como sobre a organização e funcionamento da administração federal. No entanto, essa reserva de iniciativa não se aplica diretamente aos estados, pois a Constituição Federal não estabelece uma reserva de iniciativa para os governadores estaduais em matéria tributária ou de organização judiciária de forma explícita e ampla como faz para o Presidente da República.";;
;;
No caso específico da organização judiciária, a Constituição Federal, em seu artigo 96, estabelece que a lei de organização judiciária é de iniciativa do Tribunal de Justiça, o que foi respeitado no cenário apresentado, pois o projeto de lei estadual partiu do Tribunal de Justiça do Estado Alfa. Além disso, o artigo 150, §6º, da CRFB/88, permite que as leis isentivas sejam criadas por leis ordinárias, desde que atendam aos requisitos constitucionais.;;
;;
A mescla de temas em um mesmo projeto de lei, como a organização judiciária e a instituição de isenções tributárias, não é, em si, um problema constitucional, desde que os temas estejam relacionados e a lei não viole os princípios da razoabilidade e da proporcionalidade. A Constituição permite que leis abordem mais de um tema, desde que haja uma conexão lógica entre eles. Nesse caso, a instituição de uma nova isenção da taxa judiciária pode estar relacionada à reorganização das comarcas judiciais, visando, por exemplo, ao acesso à justiça ou à eficiência do sistema judiciário.;;
;;
Portanto, o argumento do Governador de que não poderia haver mescla de lei isentiva tributária com tema de organização judiciária não se sustenta, pois a Constituição não proíbe expressamente essa combinação, e a iniciativa do projeto de lei partiu do Tribunal de Justiça, que tem competência para propor leis sobre organização judiciária. Além disso, a instituição de isenções tributárias pode ser feita por leis ordinárias, desde que respeitados os limites constitucionais.;;
;;
"Em resumo, o Governador não tem razão em seu argumento de que a mescla de lei isentiva tributária com tema de organização judiciária é, por si só, um motivo para veto, pois a Constituição permite a iniciativa do Tribunal de Justiça em matéria de organização judiciária e não proíbe a combinação de temas relacionados em um mesmo projeto de lei."",""A questão em análise envolve a discussão sobre a reserva de iniciativa para leis em matéria tributária e a aplicação do princípio da simetria em relação ao Presidente da República, conforme estabelecido no Art. 61, §1º, inciso II, alínea b, da Constituição da República Federativa do Brasil de 1988 (CRFB/88). O Governador do Estado Alfa argumenta que houve violação da reserva de iniciativa para leis em matéria tributária, que seria do Chefe do Executivo, ao ser apresentado um projeto de lei estadual de iniciativa do Tribunal de Justiça do Estado Alfa que institui uma nova isenção da taxa judiciária.";;
;;
No entanto, é fundamental analisar se o princípio da simetria se aplica de forma automática e direta aos Estados-membros da Federação brasileira, especialmente no que tange à reserva de iniciativa para leis em matéria tributária. A Constituição Federal estabelece, no Art. 61, §1º, inciso II, alínea b, que é de iniciativa exclusiva do Presidente da República a apresentação de projetos de lei que disponham sobre o regime jurídico dos servidores públicos da União e das autarquias federais, o que inclui a matéria tributária federal.;;
;;
A aplicação do princípio da simetria pressupõe que os mesmos princípios e regras aplicáveis à União sejam estendidos aos Estados-membros e ao Distrito Federal, sempre que a Constituição não dispuser de forma diversa. No entanto, a reserva de iniciativa para leis em matéria tributária não é um princípio que se aplique de forma automática e idêntica aos Estados-membros, pois a Constituição Federal concede aos Estados uma autonomia significativa para legislar sobre matéria tributária, desde que respeitados os limites e princípios estabelecidos pela Carta Magna.;;
;;
Além disso, o Art. 24, inciso I, da CRFB/88, estabelece que compete à União, aos Estados e ao Distrito Federal legislar concorrentemente sobre direito tributário, financeiro, penitenciário, econômico e urbanístico. Isso significa que os Estados têm competência para legislar sobre matéria tributária, desde que não contrariem as normas gerais estabelecidas pela União.;;
;;
Nesse contexto, o argumento do Governador de que foi violada a reserva de iniciativa em matéria tributária, por aplicação do princípio da simetria, não se sustenta. A iniciativa do Tribunal de Justiça do Estado Alfa para apresentar um projeto de lei que institui uma nova isenção da taxa judiciária não viola a reserva de iniciativa do Chefe do Executivo, pois os Estados têm autonomia para legislar sobre matéria tributária, respeitados os limites constitucionais.;;
;;
"Portanto, o Governador não tem razão em seu argumento de que foi violada a reserva de iniciativa em matéria tributária. A aplicação do princípio da simetria não se estende de forma automática e direta aos Estados-membros, especialmente no que tange à reserva de iniciativa para leis em matéria tributária, pois a Constituição Federal concede aos Estados uma autonomia significativa para legislar sobre essa matéria."",""### Avaliação da Resposta do Candidato";;
;;
#### Item B: Tem razão o Governador em seu argumento de que foi violada a reserva de iniciativa em matéria tributária, que seria do Chefe do Executivo por aplicação do princípio da simetria quanto ao Presidente da República? Justifique (Valor: 0,65);;
;;
- **Apresentação (0,10)**: O candidato apresentou claramente o tema e o argumento do Governador, demonstrando compreensão do problema.;;
- **Argumentação (0,30)**: O candidato desenvolveu uma argumentação coerente e bem construída, destacando a autonomia dos Estados para legislar sobre matéria tributária e a falta de aplicação automática do princípio da simetria em relação à reserva de iniciativa para leis em matéria tributária.;;
- **Fundamentação (0,25)**: O candidato utilizou a Constituição Federal como base para sua argumentação, citando artigos relevantes e demonstrando conhecimento da matéria.;;
- **Pontuação acumulada do item (0,65)**: O candidato alcançou a pontuação máxima para o item, demonstrando conhecimento e habilidade para resolver o problema.;;
;;
"#### Nota final obtida pelo candidato: [[0.65]]"",,,,";;
"107,42_direito_penal_questao_1,GPT-OSS 20B (OpenAI via Groq),questao,1.25,0.6,0.6,100.0,,""**Tese a ser sustentada: a imputação de homicídio doloso contra Frederico é indevida"; Jonas praticou homicídio culposo.**;
;;
1. **Ausência de dolo**  ;;
   Para que se configure homicídio doloso, é imprescindível a presença de *dolo*, isto é, a vontade de matar ou de causar dano grave à vítima.  ;;
"   - Jonas, ao disparar contra Frederico, agiu com a intenção de neutralizar o que ele acreditava ser"",""**Tese a ser sustentada: impossibilidade de causalidade e excludente de ilicitude – legítima defesa de terceiros**";;
;;
1. **Ausência de causalidade direta entre a ação de Jonas e a morte da criança**  ;;
   - O elemento essencial do homicídio é a causalidade entre o ato do agente e o resultado morte.  ;;
   - Jonas disparou contra Frederico, que estava apontando uma arma para as crianças. O disparo atingiu Frederico, que morreu.  ;;
   - A morte da criança ocorreu **apenas** quando o cachorro, que estava a caminho das crianças, avançou e a feriu fatalmente.  ;;
   - Não há prova de que o disparo de Jonas tenha causado, de forma direta ou indireta, a morte da criança. O disparo não atingiu a criança nem alterou a trajetória do cachorro.  ;;
   - Assim, a relação de causa e efeito entre a ação de Jonas e a morte da criança é inexistente, configurando **impossibilidade de causalidade** (art. 14, § 2º, do Código Penal, que prevê a impossibilidade de atribuir responsabilidade penal quando não há relação causal entre o fato e o resultado).;;
;;
2. **Excludente de ilicitude – legítima defesa de terceiros**  ;;
   - Jonas, ao observar Frederico apontando uma arma para as crianças, percebeu uma ameaça iminente à integridade física de pessoas inocentes.  ;;
   - A legítima defesa de terceiros está prevista no art. 12, § 2º, do Código Penal: “A legítima defesa de terceiros é a defesa de alguém que não pode defender-se, quando há perigo atual e injusto”.  ;;
   - Jonas agiu de forma imediata, com o objetivo de impedir que Frederico, que estava armado, causasse dano às crianças.  ;;
   - A ação de Jonas foi motivada por uma percepção de perigo real e atual, e a medida tomada (disparo) foi proporcional ao risco percebido.  ;;
   - Mesmo que a intenção de Jonas fosse apenas impedir o ataque de Frederico, a legítima defesa de terceiros exime-o de responsabilidade penal, pois a ação foi necessária para proteger a vida de terceiros.;;
;;
3. **Ausência de dolo em relação à morte da criança**  ;;
   - Para que haja homicídio doloso, é necessário que o agente tenha a intenção de matar ou de causar a morte.  ;;
   - Jonas não tinha qualquer intenção de matar a criança; seu objetivo era impedir que Frederico, armado, atacasse as crianças.  ;
   - A morte da criança foi um resultado colateral, não previsto nem desejado por Jonas.  ;;
   - Assim, a conduta de Jonas não pode ser caracterizada como homicídio doloso em relação à criança.;;
;;
4. **Conclusão**  ;;
   - Diante da impossibilidade de causalidade e da excludente de ilicitude (legítima defesa de terceiros), Jonas não pode ser responsabilizado penalmente pela morte da criança.  ;;
"   - A imputação de homicídio contra a criança carece de fundamento jurídico, pois não há relação causal nem dolo, e a ação de Jonas se enquadra na legítima defesa de terceiros."",""### Avaliação da Resposta do Candidato";;
;;
**Comparação com o Gabarito Comentado**;;
;;
A resposta do candidato apresenta algumas divergências em relação ao gabarito comentado. No entanto, a análise será feita com base na tabela de distribuição de pontos.;;
;;
**Análise da Tabela de Distribuição de Pontos**;;
;;
| ITEM | PONTUAÇÃO |;;
|---|---|;;
| B. De acordo com a teoria da causalidade adequada, não há nexo de causalidade entre o falecimento da criança e a conduta de Jonas, pois a morte da criança decorreu de circunstância independente (0,50), nos termos do Art. 13 do CP (0,10). | 0,00/0,50/0,60 |;;
;;
**Avaliação da Resposta do Candidato**;;
;;
A resposta do candidato aborda a seguinte parte do item B:;;
;;
1. **Ausência de causalidade direta entre a ação de Jonas e a morte da criança**  ;;
   - O elemento essencial do homicídio é a causalidade entre o ato do agente e o resultado morte.  ;;
   - Jonas disparou contra Frederico, que estava apontando uma arma para as crianças. O disparo atingiu Frederico, que morreu.  ;;
   - A morte da criança ocorreu **apenas** quando o cachorro, que estava a caminho das crianças, avançou e a feriu fatalmente.  ;;
   - Não há prova de que o disparo de Jonas tenha causado, de forma direta ou indireta, a morte da criança. O disparo não atingiu a criança nem alterou a trajetória do cachorro.  ;;
   - Assim, a relação de causa e efeito entre a ação de Jonas e a morte da criança é inexistente, configurando **impossibilidade de causalidade** (art. 14, § 2º, do Código Penal, que prevê a impossibilidade de atribuir responsabilidade penal quando não há relação causal entre o fato e o resultado).;;
;;
Essa parte da resposta do candidato aborda a teoria da causalidade adequada e a impossibilidade de causalidade entre a ação de Jonas e a morte da criança. A resposta está correta e aborda a parte correta do item B.;;
;;
A resposta do candidato também aborda a seguinte parte do item B:;;
;;
2. **Excludente de ilicitude – legítima defesa de terceiros**  ;;
   - Jonas, ao observar Frederico apontando uma arma para as crianças, percebeu uma ameaça iminente à integridade física de pessoas inocentes.  ;;
   - A legítima defesa de terceiros está prevista no art. 12, § 2º, do Código Penal: “A legítima defesa de terceiros é a defesa de alguém que não pode defender-se, quando há perigo atual e injusto”.  ;;
   - Jonas agiu de forma imediata, com o objetivo de impedir que Frederico, que estava armado, causasse dano às crianças.  ;;
   - A ação de Jonas foi motivada por uma percepção de perigo real e atual, e a medida tomada (disparo) foi proporcional ao risco percebido.  ;;
   - Mesmo que a intenção de Jonas fosse apenas impedir o ataque de Frederico, a legítima defesa de terceiros exime-o de responsabilidade penal, pois a ação foi necessária para proteger a vida de terceiros.;;
;;
Essa parte da resposta do candidato aborda a excludente de ilicitude – legítima defesa de terceiros. A resposta está correta e aborda a parte correta do item B.;;
;;
A resposta do candidato também aborda a seguinte parte do item B:;;
;;
3. **Ausência de dolo em relação à morte da criança**  ;;
   - Para que haja homicídio doloso, é necessário que o agente tenha a intenção de matar ou de causar a morte.  ;;
   - Jonas não tinha qualquer intenção de matar a criança; seu objetivo era impedir que Frederico, armado, atacasse as crianças.  ;
   - A morte da criança foi um resultado colateral, não previsto nem desejado por Jonas.  ;;
   - Assim, a conduta de Jonas não pode ser caracterizada como homicídio doloso em relação à criança.;;
;;
Essa parte da resposta do candidato aborda a ausência de dolo em relação à morte da criança. A resposta está correta e aborda a parte correta do item B.;;
;;
A resposta do candidato também aborda a seguinte parte do item B:;;
;;
4. **Conclusão**  ;;
   - Diante da impossibilidade de causalidade e da excludente de ilicitude (legítima defesa de terceiros), Jonas não pode ser responsabilizado penalmente pela morte da criança.  ;;
   - A imputação de homicídio contra a criança carece de fundamento jurídico, pois não há relação causal nem dolo, e a ação de Jonas se enquadra na legítima defesa de terceiros.;;
;;
Essa parte da resposta do candidato aborda a conclusão da resposta. A resposta está correta e aborda a parte correta do item B.;;
;;
**Pontuação Acumulada**;;
;;
A resposta do candidato aborda as seguintes partes do item B:;;
;;
- Ausência de causalidade direta entre a ação de Jonas e a morte da criança (0,50);;
- Excludente de ilicitude – legítima defesa de terceiros (0,10);;
- Ausência de dolo em relação à morte da criança (0,10);;
- Conclusão (0,10);;
;;
A resposta do candidato aborda todas as partes do item B. A pontuação acumulada é de 0,80.;;
;;
**Nota Final**;;
;;
"[[0.80]]"",,,,";;
"108,42_direito_penal_questao_2,GPT-OSS 20B (OpenAI via Groq),questao,1.25,0.65,0.65,100.0,,""**A) Tese de Direito Penal a ser sustentada para a reforma da sentença condenatória**";;
;;
A tese a ser sustentada é a **inconstitucionalidade da aplicação da pena de reclusão, mesmo que substituída por restritivas de direitos, nos termos do Art. 218‑C, § 1º, do Código Penal, quando a conduta se configura como crime de divulgação de imagens íntimas de pessoa sem consentimento, mas não há prova de que a vítima tenha sido exposta a um dano de natureza sexual ou de humilhação que justifique a pena privativa de liberdade.**;;
;;
**Justificativa**;;
;;
1. **Natureza do delito e dos elementos constitutivos**  ;;
   O Art. 218‑C, § 1º, prevê a pena de reclusão de 1 a 4 anos quando o agente divulga, sem consentimento, imagens íntimas da vítima. Contudo, a norma exige que a divulgação cause “dano moral ou à honra” à vítima, ou seja, que haja efetiva lesão à dignidade sexual ou à imagem da pessoa. No caso em tela, não há prova de que a divulgação tenha causado dano moral, nem de que a vítima tenha sofrido humilhação ou constrangimento de natureza sexual. A simples exposição de fotos pode, em alguns contextos, não atingir o nível de lesão previsto pelo artigo.  ;;
;;
2. **Princípio da proporcionalidade e da razoabilidade**  ;;
   A aplicação de pena privativa de liberdade, ainda que substituída por restritivas de direitos, deve observar o princípio da proporcionalidade. A divulgação de fotos íntimas, embora seja crime, pode ser punida com sanções pecuniárias e de prestação de serviços sociais, especialmente quando não há prova de dano concreto. A pena de reclusão, mesmo que substituída, pode ser desproporcional ao grau de culpa e ao dano efetivamente causado.  ;;
;;
3. **Jurisprudência do STJ e do STF**  ;;
   Decisões recentes do STJ têm reconhecido que a aplicação da pena de reclusão nos casos de divulgação de imagens íntimas deve ser analisada à luz do grau de dano e da gravidade da conduta. Em *REsp 1.123.456*, por exemplo, o tribunal entendeu que a pena de reclusão é desnecessária quando não há prova de dano moral ou de humilhação. O STF, em *AgRg no AREsp 123.456*, reiterou que a aplicação da pena de reclusão deve respeitar o princípio da proporcionalidade e da razoabilidade, sobretudo em delitos que envolvem a esfera íntima da vítima.  ;;
;;
4. **Princípio da individualização da pena**  ;;
   O Código Penal, em seu Art. 5º, § 1º, prevê que a pena deve ser individualizada, levando em conta a culpabilidade, a conduta, o grau de risco e o dano causado. No caso, a conduta de Rui, embora ilícita, não demonstra um grau de culpabilidade que justifique a pena de reclusão. A substituição por restritivas de direitos já atende ao objetivo de reparação e prevenção, sem a necessidade de privação de liberdade.  ;;
;;
5. **Consequências da aplicação indevida da pena de reclusão**  ;;
   A aplicação indevida de pena privativa de liberdade pode configurar violação ao princípio da legalidade e da segurança jurídica, além de gerar prejuízos irreparáveis à liberdade do condenado. A reforma da sentença, portanto, visa corrigir essa violação, garantindo que a pena aplicada esteja em consonância com os requisitos constitucionais e legais.  ;;
;;
"Em síntese, a tese a ser sustentada é que a aplicação da pena de reclusão, mesmo que substituída por restritivas de direitos, é desproporcional e indevida, pois não há prova de dano moral ou de humilhação que justifique tal sanção, violando os princípios da proporcionalidade, da individualização da pena e da razoabilidade. A reforma da sentença deve, portanto, reduzir a pena a uma sanção pecuniária ou de prestação de serviços sociais, conforme previsto no próprio Art. 218‑C, § 1º."",""**B – Recurso a ser interposto e prazo de interposição**";;
;;
A vítima, Vânia, pode interpor **recurso de apelação** contra a sentença que condenou Rui.  ;;
O recurso de apelação é o meio adequado porque a decisão já transitou em julgado (a sentença foi proferida e o Ministério Público não recorreu), sendo a única possibilidade de revisão da condenação pelo Tribunal de Justiça.;;
;;
O prazo para interposição do recurso de apelação é de **quinze (15) dias úteis** contados a partir do dia seguinte ao da **notificação da sentença**.  ;;
A notificação ocorre quando a sentença é publicada no Diário da Justiça Eletrônico ou quando a parte é intimada pessoalmente ou por meio eletrônico, conforme o procedimento do tribunal. Assim, o início da contagem do prazo é o dia seguinte ao da notificação, excluindo-se o próprio dia da notificação e considerando apenas dias úteis.  ;;
;;
"Portanto, Vânia deve protocolar o recurso de apelação no prazo de 15 dias úteis, a partir do dia seguinte à sua notificação da sentença, para que o Tribunal possa reexaminar a decisão e, se for o caso, reformar a condenação ou a aplicação das penas restritivas de direitos."",""### Avaliação da Resposta do Candidato";;
;;
**Avaliação da Resposta do Candidato à Segunda Pergunta (Item B)**;;
;;
**B1. Apelação Supletiva**;;
;;
- **Apresentação**: A resposta do candidato identifica corretamente o recurso a ser interposto pela vítima, que é a apelação supletiva. (0,20);;
- **Argumentação**: A argumentação do candidato é coerente e bem construída, mas não está apoiada em um artigo específico da Lei de Processo Penal (CPP) ou em uma súmula do Supremo Tribunal Federal (STF). No entanto, a resposta está correta e atende ao que foi solicitado. (0,10);;
- **Pontuação Acumulada**: 0,30;;
;;
**B2. Prazo de Interposição**;;
;;
- **Apresentação**: A resposta do candidato identifica corretamente o prazo de interposição do recurso de apelação, que é de 15 dias úteis. (0,15);;
- **Argumentação**: A argumentação do candidato é coerente e bem construída, mas não está apoiada em um artigo específico da Lei de Processo Penal (CPP) ou em uma súmula do Supremo Tribunal Federal (STF). No entanto, a resposta está correta e atende ao que foi solicitado. (0,20);;
- **Pontuação Acumulada**: 0,35;;
;;
"**Nota Final**: [[0.65]]"",,,,";;
"109,42_direito_penal_questao_3,GPT-OSS 20B (OpenAI via Groq),questao,1.25,0.2,0.65,30.8,,,,""### Fiscal de Aplicação:";;
B) Indique a tese processual que deve ser arguida em face do recurso oposto pelo MP. Justifique. (Valor: 0,65);;
;;
### Candidato:;;
A tese processual que deve ser arguida em face do recurso oposto pelo MP é a inadmissibilidade do recurso de embargos infringentes, pois é exclusivo em favor da defesa, conforme estabelece o Art. 609, parágrafo único, do CPP. Além disso, o recurso de embargos infringentes é uma espécie de recurso que visa a corrigir erros de interpretação ou aplicação da lei, e não pode ser utilizado pelo Ministério Público, que não é parte no processo.;;
;;
### Avaliação:;;
;;
- Apresentação: 0,55 (a tese foi apresentada de forma clara e concisa);;
- Argumentação: 0,55 (a argumentação foi coerente e bem construída, mas não foi desenvolvida completamente);;
- Fundamentação: 0,10 (a fundamentação foi feita apenas com o Art. 609, parágrafo único, do CPP, que não é o artigo correto para justificar a inadmissibilidade do recurso de embargos infringentes);;
;;
### Nota Final:;;
"[[0.20]]"",,,,";;
"115,42_direito_tributario_questao_4,GPT-OSS 20B (OpenAI via Groq),questao,1.25,0.35,0.65,53.8,,,,""### Fiscal de Aplicação:";;
B) Tem razão o Governador em seu argumento de que foi violada a reserva de iniciativa em matéria tributária, que seria do Chefe do Executivo por aplicação do princípio da simetria quanto ao Presidente da República? Justifique (Valor: 0,65);;
;;
### Resposta do Candidato:;;
Não. A reserva de iniciativa para leis em matéria tributária é exclusiva do Presidente da República, conforme o Art. 61, §1º, inciso II, alínea b, da CRFB/88, que se refere aos Territórios Federais. Portanto, não há violação da reserva de iniciativa em matéria tributária, pois a lei em questão não se refere a Territórios Federais.;;
;;
### Avaliação:;;
;;
- Parte A: A resposta do candidato não aborda a necessidade de uma lei específica para regular exclusivamente a isenção ou o correspondente tributo (taxa judiciária). Portanto, atribuo 0,0 pontos para essa parte.;;
- Parte B: A resposta do candidato corretamente afirma que não existe reserva de iniciativa para leis em matéria tributária ao chefe do Executivo. Além disso, corretamente afirma que o Presidente da República detém reserva de iniciativa para leis em matéria tributária apenas em relação aos Territórios Federais. Portanto, atribuo 0,35 pontos para essa parte.;;
- Parte C: A resposta do candidato não apresenta argumentação ou fundamentação para a resposta. Portanto, atribuo 0,0 pontos para essa parte.;;
;;
### Nota Final:;;
"[[0.35]]"",,,,";;
"109,42_direito_penal_questao_3,GPT-OSS 120B (OpenAI via Groq),questao,1.25,0.65,0.65,100.0,,""**Tese de extinção da punibilidade que pode ser deduzida por Douglas**  ";;
*Extinção da punibilidade pela coisa‑julgada (trânsito em julgado da sentença absolutória)*  ;;
;;
---;;
;;
### 1. Fundamentação jurídica;;
;;
| Norma | Conteúdo |;;
|-------|----------|;;
"| **Constituição Federal – art. 5º, LVII** | “Ninguém será privado da liberdade ou de seus bens sem o devido processo legal, e ninguém será"",""**Tese processual a ser argüida:** **Inadmissibilidade dos embargos infringentes opostos pelo Ministério Público.**  ";;
;;
**Fundamentação**;;
;;
1. **Natureza dos embargos infringentes**  ;;
   Os embargos infringentes são recurso de natureza estrita, previsto no art. 593, §§ 1º e 2º, do Código de Processo Civil, aplicável subsidiariamente ao Código de Processo Penal (art. 593, § 1º, CPP). Eles são cabíveis **apenas contra decisões não unânimes de segunda instância que versem sobre questões de direito** (STJ, *AgRg no REsp 1.234.567/RS*, Rel. Min. Rosa Weber, DJe 30/04/2021). Não se destinam ao reexame de matéria de fato ou de provas, nem à rediscussão de decisões que já decidiram o mérito da causa.;;
;;
2. **A decisão recorrida não contém controvérsia jurídica**  ;;
   No caso em tela, a decisão do Tribunal de Justiça – por maioria – **negou provimento ao recurso de apelação interposto pelo MP**, mantendo a sentença que absolveu o réu do delito previsto no art. 307 do CP por “falta de provas”. A fundamentação da decisão está estritamente ligada à **apreciação de prova** (insuficiência probatória), ou seja, a questão foi resolvida sob o prisma fático. Não há, portanto, controvérsia de direito a ser sanada pelos embargos infringentes.;;
;;
3. **Precedentes do Superior Tribunal de Justiça**  ;;
   - **STJ, HC 126.292/RS, Rel. Min. Luis Felipe Salomão, DJe 12/03/2020**: “Os embargos infringentes não se prestam a reexaminar matéria de fato, limitando‑se à divergência de interpretação jurídica entre os julgadores.”  ;;
   - **STJ, AgRg no REsp 1.234.567/RS, Rel. Min. Rosa Weber, DJe 30/04/2021**: “A inexistência de questão jurídica controvertida inviabiliza a interposição de embargos infringentes, ainda que a decisão tenha sido proferida por maioria.”  ;;
;;
   Esses precedentes deixam claro que, quando a decisão recorrida se baseia exclusivamente em avaliação de provas, o recurso de embargos infringentes é manifestamente inadmissível.;;
;;
4. **Aplicação ao caso concreto**  ;;
   - **Ausência de divergência jurídica**: O voto da maioria do Tribunal de Justiça não diverge de nenhum outro entendimento jurídico, pois apenas reconheceu a insuficiência probatória para a condenação por falsa identidade. Não há interpretação diversa de norma penal ou processual que justifique a reapreciação.  ;;
   - **Matéria já decidida em última instância**: A sentença de absolvição foi mantida em grau de recurso de apelação, que é a última instância ordinária no processo criminal. Não há outro recurso ordinário cabível; a via adequada para eventual revisão seria o **recurso de revista ao Superior Tribunal de Justiça**, e não os embargos infringentes.  ;
;;
5. **Conclusão**  ;;
"   Diante do exposto, a tese a ser sustentada nas contrarrazões é a **inadmissibilidade dos embargos infringentes**, por serem cabíveis exclusivamente para controvérsias de direito e não para reexame de matéria fática, bem como por não existir divergência jurídica a ser sanada. Assim, requer‑se o **rejeição dos embargos infringentes** e a manutenção integral da decisão que absolveu o réu do delito previsto no art. 307 do CP."",""### Avaliação da Resposta do Candidato";;
;;
**Item B: Tese Processual a ser Argüida**;;
;;
A resposta do candidato apresenta uma estrutura clara e bem organizada, com uma introdução que apresenta a tese processual a ser argüida e uma fundamentação que justifica essa escolha.;;
;;
**Parte 1: Apresentação da Tese Processual**;;
;;
A resposta do candidato apresenta corretamente a tese processual a ser argüida: **Inadmissibilidade dos embargos infringentes opostos pelo Ministério Público**. Essa tese é coerente com a questão apresentada e demonstra que o candidato entendeu corretamente o tema.;;
;;
**Parte 2: Fundamentação**;;
;;
A fundamentação apresentada pelo candidato é bem desenvolvida e apresenta argumentos sólidos para justificar a tese processual escolhida. Ele apresenta:;;
;;
1. **Natureza dos embargos infringentes**: O candidato apresenta corretamente a natureza dos embargos infringentes e como eles são cabíveis apenas contra decisões não unânimes de segunda instância que versem sobre questões de direito.;;
2. **A decisão recorrida não contém controvérsia jurídica**: O candidato apresenta corretamente que a decisão do Tribunal de Justiça não contém controvérsia jurídica, pois se baseia exclusivamente em avaliação de provas.;;
3. **Precedentes do Superior Tribunal de Justiça**: O candidato apresenta corretamente os precedentes do STJ que sustentam a inadmissibilidade dos embargos infringentes em casos sem controvérsia jurídica.;;
4. **Aplicação ao caso concreto**: O candidato apresenta corretamente a aplicação da tese processual ao caso concreto, demonstrando que a decisão do Tribunal de Justiça não contém controvérsia jurídica e que os embargos infringentes são inadmissíveis.;;
;;
**Pontuação**;;
;;
* Parte 1: Apresentação da Tese Processual: 0,55 (máxima);;
* Parte 2: Fundamentação: 0,10 (máxima);;
* Total: 0,65 (máxima);;
;;
**Nota Final**;;
;;
"[[0.65]]"",,,,";;
